,begins_at,open_price,close_price,high_price,low_price,volume,session,interpolated,symbol
0,2015-09-08T00:00:00Z,9.800000,9.800000,9.800000,9.800000,0,reg,True,DKNG
1,2015-09-09T00:00:00Z,9.800000,9.800000,9.800000,9.800000,0,reg,True,DKNG
2,2015-09-10T00:00:00Z,9.800000,9.800000,9.800000,9.800000,0,reg,True,DKNG
3,2015-09-11T00:00:00Z,9.800000,9.800000,9.800000,9.800000,0,reg,True,DKNG
4,2015-09-14T00:00:00Z,9.800000,9.800000,9.800000,9.800000,0,reg,True,DKNG
5,2015-09-15T00:00:00Z,9.800000,9.800000,9.800000,9.800000,0,reg,True,DKNG
6,2015-09-16T00:00:00Z,9.800000,9.800000,9.800000,9.800000,0,reg,True,DKNG
7,2015-09-17T00:00:00Z,9.800000,9.800000,9.800000,9.800000,0,reg,True,DKNG
8,2015-09-18T00:00:00Z,9.800000,9.800000,9.800000,9.800000,0,reg,True,DKNG
9,2015-09-21T00:00:00Z,9.800000,9.800000,9.800000,9.800000,0,reg,True,DKNG
10,2015-09-22T00:00:00Z,9.800000,9.800000,9.800000,9.800000,0,reg,True,DKNG
11,2015-09-23T00:00:00Z,9.800000,9.800000,9.800000,9.800000,0,reg,True,DKNG
12,2015-09-24T00:00:00Z,9.800000,9.800000,9.800000,9.800000,0,reg,True,DKNG
13,2015-09-25T00:00:00Z,9.800000,9.800000,9.800000,9.800000,0,reg,True,DKNG
14,2015-09-28T00:00:00Z,9.800000,9.800000,9.800000,9.800000,0,reg,True,DKNG
15,2015-09-29T00:00:00Z,9.800000,9.800000,9.800000,9.800000,0,reg,True,DKNG
16,2015-09-30T00:00:00Z,9.800000,9.800000,9.800000,9.800000,0,reg,True,DKNG
17,2015-10-01T00:00:00Z,9.800000,9.800000,9.800000,9.800000,0,reg,True,DKNG
18,2015-10-02T00:00:00Z,9.800000,9.800000,9.800000,9.800000,0,reg,True,DKNG
19,2015-10-05T00:00:00Z,9.800000,9.800000,9.800000,9.800000,0,reg,True,DKNG
20,2015-10-06T00:00:00Z,9.800000,9.800000,9.800000,9.800000,0,reg,True,DKNG
21,2015-10-07T00:00:00Z,9.800000,9.800000,9.800000,9.800000,0,reg,True,DKNG
22,2015-10-08T00:00:00Z,9.800000,9.800000,9.800000,9.800000,0,reg,True,DKNG
23,2015-10-09T00:00:00Z,9.800000,9.800000,9.800000,9.800000,0,reg,True,DKNG
24,2015-10-12T00:00:00Z,9.800000,9.800000,9.800000,9.800000,0,reg,True,DKNG
25,2015-10-13T00:00:00Z,9.800000,9.800000,9.800000,9.800000,0,reg,True,DKNG
26,2015-10-14T00:00:00Z,9.800000,9.800000,9.800000,9.800000,0,reg,True,DKNG
27,2015-10-15T00:00:00Z,9.800000,9.800000,9.800000,9.800000,0,reg,True,DKNG
28,2015-10-16T00:00:00Z,9.800000,9.800000,9.800000,9.800000,0,reg,True,DKNG
29,2015-10-19T00:00:00Z,9.800000,9.800000,9.800000,9.800000,0,reg,True,DKNG
30,2015-10-20T00:00:00Z,9.800000,9.800000,9.800000,9.800000,0,reg,True,DKNG
31,2015-10-21T00:00:00Z,9.800000,9.800000,9.800000,9.800000,0,reg,True,DKNG
32,2015-10-22T00:00:00Z,9.800000,9.800000,9.800000,9.800000,0,reg,True,DKNG
33,2015-10-23T00:00:00Z,9.800000,9.800000,9.800000,9.800000,0,reg,True,DKNG
34,2015-10-26T00:00:00Z,9.800000,9.800000,9.800000,9.800000,0,reg,True,DKNG
35,2015-10-27T00:00:00Z,9.800000,9.800000,9.800000,9.800000,0,reg,True,DKNG
36,2015-10-28T00:00:00Z,9.800000,9.800000,9.800000,9.800000,0,reg,True,DKNG
37,2015-10-29T00:00:00Z,9.800000,9.800000,9.800000,9.800000,0,reg,True,DKNG
38,2015-10-30T00:00:00Z,9.800000,9.800000,9.800000,9.800000,0,reg,True,DKNG
39,2015-11-02T00:00:00Z,9.800000,9.800000,9.800000,9.800000,0,reg,True,DKNG
40,2015-11-03T00:00:00Z,9.800000,9.800000,9.800000,9.800000,0,reg,True,DKNG
41,2015-11-04T00:00:00Z,9.800000,9.800000,9.800000,9.800000,0,reg,True,DKNG
42,2015-11-05T00:00:00Z,9.800000,9.800000,9.800000,9.800000,0,reg,True,DKNG
43,2015-11-06T00:00:00Z,9.800000,9.800000,9.800000,9.800000,0,reg,True,DKNG
44,2015-11-09T00:00:00Z,9.800000,9.800000,9.800000,9.800000,0,reg,True,DKNG
45,2015-11-10T00:00:00Z,9.800000,9.800000,9.800000,9.800000,0,reg,True,DKNG
46,2015-11-11T00:00:00Z,9.800000,9.800000,9.800000,9.800000,0,reg,True,DKNG
47,2015-11-12T00:00:00Z,9.800000,9.800000,9.800000,9.800000,0,reg,True,DKNG
48,2015-11-13T00:00:00Z,9.800000,9.800000,9.800000,9.800000,0,reg,True,DKNG
49,2015-11-16T00:00:00Z,9.800000,9.800000,9.800000,9.800000,0,reg,True,DKNG
50,2015-11-17T00:00:00Z,9.800000,9.800000,9.800000,9.800000,0,reg,True,DKNG
51,2015-11-18T00:00:00Z,9.800000,9.800000,9.800000,9.800000,0,reg,True,DKNG
52,2015-11-19T00:00:00Z,9.800000,9.800000,9.800000,9.800000,0,reg,True,DKNG
53,2015-11-20T00:00:00Z,9.800000,9.800000,9.800000,9.800000,0,reg,True,DKNG
54,2015-11-23T00:00:00Z,9.800000,9.800000,9.800000,9.800000,0,reg,True,DKNG
55,2015-11-24T00:00:00Z,9.800000,9.800000,9.800000,9.800000,0,reg,True,DKNG
56,2015-11-25T00:00:00Z,9.800000,9.800000,9.800000,9.800000,0,reg,True,DKNG
57,2015-11-27T00:00:00Z,9.800000,9.800000,9.800000,9.800000,0,reg,True,DKNG
58,2015-11-30T00:00:00Z,9.800000,9.800000,9.800000,9.800000,0,reg,True,DKNG
59,2015-12-01T00:00:00Z,9.800000,9.800000,9.800000,9.800000,0,reg,True,DKNG
60,2015-12-02T00:00:00Z,9.800000,9.800000,9.800000,9.800000,0,reg,True,DKNG
61,2015-12-03T00:00:00Z,9.800000,9.800000,9.800000,9.800000,0,reg,True,DKNG
62,2015-12-04T00:00:00Z,9.800000,9.800000,9.800000,9.800000,0,reg,True,DKNG
63,2015-12-07T00:00:00Z,9.800000,9.800000,9.800000,9.800000,0,reg,True,DKNG
64,2015-12-08T00:00:00Z,9.800000,9.800000,9.800000,9.800000,0,reg,True,DKNG
65,2015-12-09T00:00:00Z,9.800000,9.800000,9.800000,9.800000,0,reg,True,DKNG
66,2015-12-10T00:00:00Z,9.800000,9.800000,9.800000,9.800000,0,reg,True,DKNG
67,2015-12-11T00:00:00Z,9.800000,9.800000,9.800000,9.800000,0,reg,True,DKNG
68,2015-12-14T00:00:00Z,9.800000,9.800000,9.800000,9.800000,0,reg,True,DKNG
69,2015-12-15T00:00:00Z,9.800000,9.800000,9.800000,9.800000,0,reg,True,DKNG
70,2015-12-16T00:00:00Z,9.800000,9.800000,9.800000,9.800000,0,reg,True,DKNG
71,2015-12-17T00:00:00Z,9.800000,9.800000,9.800000,9.800000,0,reg,True,DKNG
72,2015-12-18T00:00:00Z,9.800000,9.800000,9.800000,9.800000,0,reg,True,DKNG
73,2015-12-21T00:00:00Z,9.800000,9.800000,9.800000,9.800000,0,reg,True,DKNG
74,2015-12-22T00:00:00Z,9.800000,9.800000,9.800000,9.800000,0,reg,True,DKNG
75,2015-12-23T00:00:00Z,9.800000,9.800000,9.800000,9.800000,0,reg,True,DKNG
76,2015-12-24T00:00:00Z,9.800000,9.800000,9.800000,9.800000,0,reg,True,DKNG
77,2015-12-28T00:00:00Z,9.800000,9.800000,9.800000,9.800000,0,reg,True,DKNG
78,2015-12-29T00:00:00Z,9.800000,9.800000,9.800000,9.800000,0,reg,True,DKNG
79,2015-12-30T00:00:00Z,9.800000,9.800000,9.800000,9.800000,0,reg,True,DKNG
80,2015-12-31T00:00:00Z,9.800000,9.800000,9.800000,9.800000,0,reg,True,DKNG
81,2016-01-04T00:00:00Z,9.800000,9.800000,9.800000,9.800000,0,reg,True,DKNG
82,2016-01-05T00:00:00Z,9.800000,9.800000,9.800000,9.800000,0,reg,True,DKNG
83,2016-01-06T00:00:00Z,9.800000,9.800000,9.800000,9.800000,0,reg,True,DKNG
84,2016-01-07T00:00:00Z,9.800000,9.800000,9.800000,9.800000,0,reg,True,DKNG
85,2016-01-08T00:00:00Z,9.800000,9.800000,9.800000,9.800000,0,reg,True,DKNG
86,2016-01-11T00:00:00Z,9.800000,9.800000,9.800000,9.800000,0,reg,True,DKNG
87,2016-01-12T00:00:00Z,9.800000,9.800000,9.800000,9.800000,0,reg,True,DKNG
88,2016-01-13T00:00:00Z,9.800000,9.800000,9.800000,9.800000,0,reg,True,DKNG
89,2016-01-14T00:00:00Z,9.800000,9.800000,9.800000,9.800000,0,reg,True,DKNG
90,2016-01-15T00:00:00Z,9.800000,9.800000,9.800000,9.800000,0,reg,True,DKNG
91,2016-01-19T00:00:00Z,9.800000,9.800000,9.800000,9.800000,0,reg,True,DKNG
92,2016-01-20T00:00:00Z,9.800000,9.800000,9.800000,9.800000,0,reg,True,DKNG
93,2016-01-21T00:00:00Z,9.800000,9.800000,9.800000,9.800000,0,reg,True,DKNG
94,2016-01-22T00:00:00Z,9.800000,9.800000,9.800000,9.800000,0,reg,True,DKNG
95,2016-01-25T00:00:00Z,9.800000,9.800000,9.800000,9.800000,0,reg,True,DKNG
96,2016-01-26T00:00:00Z,9.800000,9.800000,9.800000,9.800000,0,reg,True,DKNG
97,2016-01-27T00:00:00Z,9.800000,9.800000,9.800000,9.800000,0,reg,True,DKNG
98,2016-01-28T00:00:00Z,9.800000,9.800000,9.800000,9.800000,0,reg,True,DKNG
99,2016-01-29T00:00:00Z,9.800000,9.800000,9.800000,9.800000,0,reg,True,DKNG
100,2016-02-01T00:00:00Z,9.800000,9.800000,9.800000,9.800000,0,reg,True,DKNG
101,2016-02-02T00:00:00Z,9.800000,9.800000,9.800000,9.800000,0,reg,True,DKNG
102,2016-02-03T00:00:00Z,9.800000,9.800000,9.800000,9.800000,0,reg,True,DKNG
103,2016-02-04T00:00:00Z,9.800000,9.800000,9.800000,9.800000,0,reg,True,DKNG
104,2016-02-05T00:00:00Z,9.800000,9.800000,9.800000,9.800000,0,reg,True,DKNG
105,2016-02-08T00:00:00Z,9.800000,9.800000,9.800000,9.800000,0,reg,True,DKNG
106,2016-02-09T00:00:00Z,9.800000,9.800000,9.800000,9.800000,0,reg,True,DKNG
107,2016-02-10T00:00:00Z,9.800000,9.800000,9.800000,9.800000,0,reg,True,DKNG
108,2016-02-11T00:00:00Z,9.800000,9.800000,9.800000,9.800000,0,reg,True,DKNG
109,2016-02-12T00:00:00Z,9.800000,9.800000,9.800000,9.800000,0,reg,True,DKNG
110,2016-02-16T00:00:00Z,9.800000,9.800000,9.800000,9.800000,0,reg,True,DKNG
111,2016-02-17T00:00:00Z,9.800000,9.800000,9.800000,9.800000,0,reg,True,DKNG
112,2016-02-18T00:00:00Z,9.800000,9.800000,9.800000,9.800000,0,reg,True,DKNG
113,2016-02-19T00:00:00Z,9.800000,9.800000,9.800000,9.800000,0,reg,True,DKNG
114,2016-02-22T00:00:00Z,9.800000,9.800000,9.800000,9.800000,0,reg,True,DKNG
115,2016-02-23T00:00:00Z,9.800000,9.800000,9.800000,9.800000,0,reg,True,DKNG
116,2016-02-24T00:00:00Z,9.800000,9.800000,9.800000,9.800000,0,reg,True,DKNG
117,2016-02-25T00:00:00Z,9.800000,9.800000,9.800000,9.800000,0,reg,True,DKNG
118,2016-02-26T00:00:00Z,9.800000,9.800000,9.800000,9.800000,0,reg,True,DKNG
119,2016-02-29T00:00:00Z,9.800000,9.800000,9.800000,9.800000,0,reg,True,DKNG
120,2016-03-01T00:00:00Z,9.800000,9.800000,9.800000,9.800000,0,reg,True,DKNG
121,2016-03-02T00:00:00Z,9.800000,9.800000,9.800000,9.800000,0,reg,True,DKNG
122,2016-03-03T00:00:00Z,9.800000,9.800000,9.800000,9.800000,0,reg,True,DKNG
123,2016-03-04T00:00:00Z,9.800000,9.800000,9.800000,9.800000,0,reg,True,DKNG
124,2016-03-07T00:00:00Z,9.800000,9.800000,9.800000,9.800000,0,reg,True,DKNG
125,2016-03-08T00:00:00Z,9.800000,9.800000,9.800000,9.800000,0,reg,True,DKNG
126,2016-03-09T00:00:00Z,9.800000,9.800000,9.800000,9.800000,0,reg,True,DKNG
127,2016-03-10T00:00:00Z,9.800000,9.800000,9.800000,9.800000,0,reg,True,DKNG
128,2016-03-11T00:00:00Z,9.800000,9.800000,9.800000,9.800000,0,reg,True,DKNG
129,2016-03-14T00:00:00Z,9.800000,9.800000,9.800000,9.800000,0,reg,True,DKNG
130,2016-03-15T00:00:00Z,9.800000,9.800000,9.800000,9.800000,0,reg,True,DKNG
131,2016-03-16T00:00:00Z,9.800000,9.800000,9.800000,9.800000,0,reg,True,DKNG
132,2016-03-17T00:00:00Z,9.800000,9.800000,9.800000,9.800000,0,reg,True,DKNG
133,2016-03-18T00:00:00Z,9.800000,9.800000,9.800000,9.800000,0,reg,True,DKNG
134,2016-03-21T00:00:00Z,9.800000,9.800000,9.800000,9.800000,0,reg,True,DKNG
135,2016-03-22T00:00:00Z,9.800000,9.800000,9.800000,9.800000,0,reg,True,DKNG
136,2016-03-23T00:00:00Z,9.800000,9.800000,9.800000,9.800000,0,reg,True,DKNG
137,2016-03-24T00:00:00Z,9.800000,9.800000,9.800000,9.800000,0,reg,True,DKNG
138,2016-03-28T00:00:00Z,9.800000,9.800000,9.800000,9.800000,0,reg,True,DKNG
139,2016-03-29T00:00:00Z,9.800000,9.800000,9.800000,9.800000,0,reg,True,DKNG
140,2016-03-30T00:00:00Z,9.800000,9.800000,9.800000,9.800000,0,reg,True,DKNG
141,2016-03-31T00:00:00Z,9.800000,9.800000,9.800000,9.800000,0,reg,True,DKNG
142,2016-04-01T00:00:00Z,9.800000,9.800000,9.800000,9.800000,0,reg,True,DKNG
143,2016-04-04T00:00:00Z,9.800000,9.800000,9.800000,9.800000,0,reg,True,DKNG
144,2016-04-05T00:00:00Z,9.800000,9.800000,9.800000,9.800000,0,reg,True,DKNG
145,2016-04-06T00:00:00Z,9.800000,9.800000,9.800000,9.800000,0,reg,True,DKNG
146,2016-04-07T00:00:00Z,9.800000,9.800000,9.800000,9.800000,0,reg,True,DKNG
147,2016-04-08T00:00:00Z,9.800000,9.800000,9.800000,9.800000,0,reg,True,DKNG
148,2016-04-11T00:00:00Z,9.800000,9.800000,9.800000,9.800000,0,reg,True,DKNG
149,2016-04-12T00:00:00Z,9.800000,9.800000,9.800000,9.800000,0,reg,True,DKNG
150,2016-04-13T00:00:00Z,9.800000,9.800000,9.800000,9.800000,0,reg,True,DKNG
151,2016-04-14T00:00:00Z,9.800000,9.800000,9.800000,9.800000,0,reg,True,DKNG
152,2016-04-15T00:00:00Z,9.800000,9.800000,9.800000,9.800000,0,reg,True,DKNG
153,2016-04-18T00:00:00Z,9.800000,9.800000,9.800000,9.800000,0,reg,True,DKNG
154,2016-04-19T00:00:00Z,9.800000,9.800000,9.800000,9.800000,0,reg,True,DKNG
155,2016-04-20T00:00:00Z,9.800000,9.800000,9.800000,9.800000,0,reg,True,DKNG
156,2016-04-21T00:00:00Z,9.800000,9.800000,9.800000,9.800000,0,reg,True,DKNG
157,2016-04-22T00:00:00Z,9.800000,9.800000,9.800000,9.800000,0,reg,True,DKNG
158,2016-04-25T00:00:00Z,9.800000,9.800000,9.800000,9.800000,0,reg,True,DKNG
159,2016-04-26T00:00:00Z,9.800000,9.800000,9.800000,9.800000,0,reg,True,DKNG
160,2016-04-27T00:00:00Z,9.800000,9.800000,9.800000,9.800000,0,reg,True,DKNG
161,2016-04-28T00:00:00Z,9.800000,9.800000,9.800000,9.800000,0,reg,True,DKNG
162,2016-04-29T00:00:00Z,9.800000,9.800000,9.800000,9.800000,0,reg,True,DKNG
163,2016-05-02T00:00:00Z,9.800000,9.800000,9.800000,9.800000,0,reg,True,DKNG
164,2016-05-03T00:00:00Z,9.800000,9.800000,9.800000,9.800000,0,reg,True,DKNG
165,2016-05-04T00:00:00Z,9.800000,9.800000,9.800000,9.800000,0,reg,True,DKNG
166,2016-05-05T00:00:00Z,9.800000,9.800000,9.800000,9.800000,0,reg,True,DKNG
167,2016-05-06T00:00:00Z,9.800000,9.800000,9.800000,9.800000,0,reg,True,DKNG
168,2016-05-09T00:00:00Z,9.800000,9.800000,9.800000,9.800000,0,reg,True,DKNG
169,2016-05-10T00:00:00Z,9.800000,9.800000,9.800000,9.800000,0,reg,True,DKNG
170,2016-05-11T00:00:00Z,9.800000,9.800000,9.800000,9.800000,0,reg,True,DKNG
171,2016-05-12T00:00:00Z,9.800000,9.800000,9.800000,9.800000,0,reg,True,DKNG
172,2016-05-13T00:00:00Z,9.800000,9.800000,9.800000,9.800000,0,reg,True,DKNG
173,2016-05-16T00:00:00Z,9.800000,9.800000,9.800000,9.800000,0,reg,True,DKNG
174,2016-05-17T00:00:00Z,9.800000,9.800000,9.800000,9.800000,0,reg,True,DKNG
175,2016-05-18T00:00:00Z,9.800000,9.800000,9.800000,9.800000,0,reg,True,DKNG
176,2016-05-19T00:00:00Z,9.800000,9.800000,9.800000,9.800000,0,reg,True,DKNG
177,2016-05-20T00:00:00Z,9.800000,9.800000,9.800000,9.800000,0,reg,True,DKNG
178,2016-05-23T00:00:00Z,9.800000,9.800000,9.800000,9.800000,0,reg,True,DKNG
179,2016-05-24T00:00:00Z,9.800000,9.800000,9.800000,9.800000,0,reg,True,DKNG
180,2016-05-25T00:00:00Z,9.800000,9.800000,9.800000,9.800000,0,reg,True,DKNG
181,2016-05-26T00:00:00Z,9.800000,9.800000,9.800000,9.800000,0,reg,True,DKNG
182,2016-05-27T00:00:00Z,9.800000,9.800000,9.800000,9.800000,0,reg,True,DKNG
183,2016-05-31T00:00:00Z,9.800000,9.800000,9.800000,9.800000,0,reg,True,DKNG
184,2016-06-01T00:00:00Z,9.800000,9.800000,9.800000,9.800000,0,reg,True,DKNG
185,2016-06-02T00:00:00Z,9.800000,9.800000,9.800000,9.800000,0,reg,True,DKNG
186,2016-06-03T00:00:00Z,9.800000,9.800000,9.800000,9.800000,0,reg,True,DKNG
187,2016-06-06T00:00:00Z,9.800000,9.800000,9.800000,9.800000,0,reg,True,DKNG
188,2016-06-07T00:00:00Z,9.800000,9.800000,9.800000,9.800000,0,reg,True,DKNG
189,2016-06-08T00:00:00Z,9.800000,9.800000,9.800000,9.800000,0,reg,True,DKNG
190,2016-06-09T00:00:00Z,9.800000,9.800000,9.800000,9.800000,0,reg,True,DKNG
191,2016-06-10T00:00:00Z,9.800000,9.800000,9.800000,9.800000,0,reg,True,DKNG
192,2016-06-13T00:00:00Z,9.800000,9.800000,9.800000,9.800000,0,reg,True,DKNG
193,2016-06-14T00:00:00Z,9.800000,9.800000,9.800000,9.800000,0,reg,True,DKNG
194,2016-06-15T00:00:00Z,9.800000,9.800000,9.800000,9.800000,0,reg,True,DKNG
195,2016-06-16T00:00:00Z,9.800000,9.800000,9.800000,9.800000,0,reg,True,DKNG
196,2016-06-17T00:00:00Z,9.800000,9.800000,9.800000,9.800000,0,reg,True,DKNG
197,2016-06-20T00:00:00Z,9.800000,9.800000,9.800000,9.800000,0,reg,True,DKNG
198,2016-06-21T00:00:00Z,9.800000,9.800000,9.800000,9.800000,0,reg,True,DKNG
199,2016-06-22T00:00:00Z,9.800000,9.800000,9.800000,9.800000,0,reg,True,DKNG
200,2016-06-23T00:00:00Z,9.800000,9.800000,9.800000,9.800000,0,reg,True,DKNG
201,2016-06-24T00:00:00Z,9.800000,9.800000,9.800000,9.800000,0,reg,True,DKNG
202,2016-06-27T00:00:00Z,9.800000,9.800000,9.800000,9.800000,0,reg,True,DKNG
203,2016-06-28T00:00:00Z,9.800000,9.800000,9.800000,9.800000,0,reg,True,DKNG
204,2016-06-29T00:00:00Z,9.800000,9.800000,9.800000,9.800000,0,reg,True,DKNG
205,2016-06-30T00:00:00Z,9.800000,9.800000,9.800000,9.800000,0,reg,True,DKNG
206,2016-07-01T00:00:00Z,9.800000,9.800000,9.800000,9.800000,0,reg,True,DKNG
207,2016-07-05T00:00:00Z,9.800000,9.800000,9.800000,9.800000,0,reg,True,DKNG
208,2016-07-06T00:00:00Z,9.800000,9.800000,9.800000,9.800000,0,reg,True,DKNG
209,2016-07-07T00:00:00Z,9.800000,9.800000,9.800000,9.800000,0,reg,True,DKNG
210,2016-07-08T00:00:00Z,9.800000,9.800000,9.800000,9.800000,0,reg,True,DKNG
211,2016-07-11T00:00:00Z,9.800000,9.800000,9.800000,9.800000,0,reg,True,DKNG
212,2016-07-12T00:00:00Z,9.800000,9.800000,9.800000,9.800000,0,reg,True,DKNG
213,2016-07-13T00:00:00Z,9.800000,9.800000,9.800000,9.800000,0,reg,True,DKNG
214,2016-07-14T00:00:00Z,9.800000,9.800000,9.800000,9.800000,0,reg,True,DKNG
215,2016-07-15T00:00:00Z,9.800000,9.800000,9.800000,9.800000,0,reg,True,DKNG
216,2016-07-18T00:00:00Z,9.800000,9.800000,9.800000,9.800000,0,reg,True,DKNG
217,2016-07-19T00:00:00Z,9.800000,9.800000,9.800000,9.800000,0,reg,True,DKNG
218,2016-07-20T00:00:00Z,9.800000,9.800000,9.800000,9.800000,0,reg,True,DKNG
219,2016-07-21T00:00:00Z,9.800000,9.800000,9.800000,9.800000,0,reg,True,DKNG
220,2016-07-22T00:00:00Z,9.800000,9.800000,9.800000,9.800000,0,reg,True,DKNG
221,2016-07-25T00:00:00Z,9.800000,9.800000,9.800000,9.800000,0,reg,True,DKNG
222,2016-07-26T00:00:00Z,9.800000,9.800000,9.800000,9.800000,0,reg,True,DKNG
223,2016-07-27T00:00:00Z,9.800000,9.800000,9.800000,9.800000,0,reg,True,DKNG
224,2016-07-28T00:00:00Z,9.800000,9.800000,9.800000,9.800000,0,reg,True,DKNG
225,2016-07-29T00:00:00Z,9.800000,9.800000,9.800000,9.800000,0,reg,True,DKNG
226,2016-08-01T00:00:00Z,9.800000,9.800000,9.800000,9.800000,0,reg,True,DKNG
227,2016-08-02T00:00:00Z,9.800000,9.800000,9.800000,9.800000,0,reg,True,DKNG
228,2016-08-03T00:00:00Z,9.800000,9.800000,9.800000,9.800000,0,reg,True,DKNG
229,2016-08-04T00:00:00Z,9.800000,9.800000,9.800000,9.800000,0,reg,True,DKNG
230,2016-08-05T00:00:00Z,9.800000,9.800000,9.800000,9.800000,0,reg,True,DKNG
231,2016-08-08T00:00:00Z,9.800000,9.800000,9.800000,9.800000,0,reg,True,DKNG
232,2016-08-09T00:00:00Z,9.800000,9.800000,9.800000,9.800000,0,reg,True,DKNG
233,2016-08-10T00:00:00Z,9.800000,9.800000,9.800000,9.800000,0,reg,True,DKNG
234,2016-08-11T00:00:00Z,9.800000,9.800000,9.800000,9.800000,0,reg,True,DKNG
235,2016-08-12T00:00:00Z,9.800000,9.800000,9.800000,9.800000,0,reg,True,DKNG
236,2016-08-15T00:00:00Z,9.800000,9.800000,9.800000,9.800000,0,reg,True,DKNG
237,2016-08-16T00:00:00Z,9.800000,9.800000,9.800000,9.800000,0,reg,True,DKNG
238,2016-08-17T00:00:00Z,9.800000,9.800000,9.800000,9.800000,0,reg,True,DKNG
239,2016-08-18T00:00:00Z,9.800000,9.800000,9.800000,9.800000,0,reg,True,DKNG
240,2016-08-19T00:00:00Z,9.800000,9.800000,9.800000,9.800000,0,reg,True,DKNG
241,2016-08-22T00:00:00Z,9.800000,9.800000,9.800000,9.800000,0,reg,True,DKNG
242,2016-08-23T00:00:00Z,9.800000,9.800000,9.800000,9.800000,0,reg,True,DKNG
243,2016-08-24T00:00:00Z,9.800000,9.800000,9.800000,9.800000,0,reg,True,DKNG
244,2016-08-25T00:00:00Z,9.800000,9.800000,9.800000,9.800000,0,reg,True,DKNG
245,2016-08-26T00:00:00Z,9.800000,9.800000,9.800000,9.800000,0,reg,True,DKNG
246,2016-08-29T00:00:00Z,9.800000,9.800000,9.800000,9.800000,0,reg,True,DKNG
247,2016-08-30T00:00:00Z,9.800000,9.800000,9.800000,9.800000,0,reg,True,DKNG
248,2016-08-31T00:00:00Z,9.800000,9.800000,9.800000,9.800000,0,reg,True,DKNG
249,2016-09-01T00:00:00Z,9.800000,9.800000,9.800000,9.800000,0,reg,True,DKNG
250,2016-09-02T00:00:00Z,9.800000,9.800000,9.800000,9.800000,0,reg,True,DKNG
251,2016-09-06T00:00:00Z,9.800000,9.800000,9.800000,9.800000,0,reg,True,DKNG
252,2016-09-07T00:00:00Z,9.800000,9.800000,9.800000,9.800000,0,reg,True,DKNG
253,2016-09-08T00:00:00Z,9.800000,9.800000,9.800000,9.800000,0,reg,True,DKNG
254,2016-09-09T00:00:00Z,9.800000,9.800000,9.800000,9.800000,0,reg,True,DKNG
255,2016-09-12T00:00:00Z,9.800000,9.800000,9.800000,9.800000,0,reg,True,DKNG
256,2016-09-13T00:00:00Z,9.800000,9.800000,9.800000,9.800000,0,reg,True,DKNG
257,2016-09-14T00:00:00Z,9.800000,9.800000,9.800000,9.800000,0,reg,True,DKNG
258,2016-09-15T00:00:00Z,9.800000,9.800000,9.800000,9.800000,0,reg,True,DKNG
259,2016-09-16T00:00:00Z,9.800000,9.800000,9.800000,9.800000,0,reg,True,DKNG
260,2016-09-19T00:00:00Z,9.800000,9.800000,9.800000,9.800000,0,reg,True,DKNG
261,2016-09-20T00:00:00Z,9.800000,9.800000,9.800000,9.800000,0,reg,True,DKNG
262,2016-09-21T00:00:00Z,9.800000,9.800000,9.800000,9.800000,0,reg,True,DKNG
263,2016-09-22T00:00:00Z,9.800000,9.800000,9.800000,9.800000,0,reg,True,DKNG
264,2016-09-23T00:00:00Z,9.800000,9.800000,9.800000,9.800000,0,reg,True,DKNG
265,2016-09-26T00:00:00Z,9.800000,9.800000,9.800000,9.800000,0,reg,True,DKNG
266,2016-09-27T00:00:00Z,9.800000,9.800000,9.800000,9.800000,0,reg,True,DKNG
267,2016-09-28T00:00:00Z,9.800000,9.800000,9.800000,9.800000,0,reg,True,DKNG
268,2016-09-29T00:00:00Z,9.800000,9.800000,9.800000,9.800000,0,reg,True,DKNG
269,2016-09-30T00:00:00Z,9.800000,9.800000,9.800000,9.800000,0,reg,True,DKNG
270,2016-10-03T00:00:00Z,9.800000,9.800000,9.800000,9.800000,0,reg,True,DKNG
271,2016-10-04T00:00:00Z,9.800000,9.800000,9.800000,9.800000,0,reg,True,DKNG
272,2016-10-05T00:00:00Z,9.800000,9.800000,9.800000,9.800000,0,reg,True,DKNG
273,2016-10-06T00:00:00Z,9.800000,9.800000,9.800000,9.800000,0,reg,True,DKNG
274,2016-10-07T00:00:00Z,9.800000,9.800000,9.800000,9.800000,0,reg,True,DKNG
275,2016-10-10T00:00:00Z,9.800000,9.800000,9.800000,9.800000,0,reg,True,DKNG
276,2016-10-11T00:00:00Z,9.800000,9.800000,9.800000,9.800000,0,reg,True,DKNG
277,2016-10-12T00:00:00Z,9.800000,9.800000,9.800000,9.800000,0,reg,True,DKNG
278,2016-10-13T00:00:00Z,9.800000,9.800000,9.800000,9.800000,0,reg,True,DKNG
279,2016-10-14T00:00:00Z,9.800000,9.800000,9.800000,9.800000,0,reg,True,DKNG
280,2016-10-17T00:00:00Z,9.800000,9.800000,9.800000,9.800000,0,reg,True,DKNG
281,2016-10-18T00:00:00Z,9.800000,9.800000,9.800000,9.800000,0,reg,True,DKNG
282,2016-10-19T00:00:00Z,9.800000,9.800000,9.800000,9.800000,0,reg,True,DKNG
283,2016-10-20T00:00:00Z,9.800000,9.800000,9.800000,9.800000,0,reg,True,DKNG
284,2016-10-21T00:00:00Z,9.800000,9.800000,9.800000,9.800000,0,reg,True,DKNG
285,2016-10-24T00:00:00Z,9.800000,9.800000,9.800000,9.800000,0,reg,True,DKNG
286,2016-10-25T00:00:00Z,9.800000,9.800000,9.800000,9.800000,0,reg,True,DKNG
287,2016-10-26T00:00:00Z,9.800000,9.800000,9.800000,9.800000,0,reg,True,DKNG
288,2016-10-27T00:00:00Z,9.800000,9.800000,9.800000,9.800000,0,reg,True,DKNG
289,2016-10-28T00:00:00Z,9.800000,9.800000,9.800000,9.800000,0,reg,True,DKNG
290,2016-10-31T00:00:00Z,9.800000,9.800000,9.800000,9.800000,0,reg,True,DKNG
291,2016-11-01T00:00:00Z,9.800000,9.800000,9.800000,9.800000,0,reg,True,DKNG
292,2016-11-02T00:00:00Z,9.800000,9.800000,9.800000,9.800000,0,reg,True,DKNG
293,2016-11-03T00:00:00Z,9.800000,9.800000,9.800000,9.800000,0,reg,True,DKNG
294,2016-11-04T00:00:00Z,9.800000,9.800000,9.800000,9.800000,0,reg,True,DKNG
295,2016-11-07T00:00:00Z,9.800000,9.800000,9.800000,9.800000,0,reg,True,DKNG
296,2016-11-08T00:00:00Z,9.800000,9.800000,9.800000,9.800000,0,reg,True,DKNG
297,2016-11-09T00:00:00Z,9.800000,9.800000,9.800000,9.800000,0,reg,True,DKNG
298,2016-11-10T00:00:00Z,9.800000,9.800000,9.800000,9.800000,0,reg,True,DKNG
299,2016-11-11T00:00:00Z,9.800000,9.800000,9.800000,9.800000,0,reg,True,DKNG
300,2016-11-14T00:00:00Z,9.800000,9.800000,9.800000,9.800000,0,reg,True,DKNG
301,2016-11-15T00:00:00Z,9.800000,9.800000,9.800000,9.800000,0,reg,True,DKNG
302,2016-11-16T00:00:00Z,9.800000,9.800000,9.800000,9.800000,0,reg,True,DKNG
303,2016-11-17T00:00:00Z,9.800000,9.800000,9.800000,9.800000,0,reg,True,DKNG
304,2016-11-18T00:00:00Z,9.800000,9.800000,9.800000,9.800000,0,reg,True,DKNG
305,2016-11-21T00:00:00Z,9.800000,9.800000,9.800000,9.800000,0,reg,True,DKNG
306,2016-11-22T00:00:00Z,9.800000,9.800000,9.800000,9.800000,0,reg,True,DKNG
307,2016-11-23T00:00:00Z,9.800000,9.800000,9.800000,9.800000,0,reg,True,DKNG
308,2016-11-25T00:00:00Z,9.800000,9.800000,9.800000,9.800000,0,reg,True,DKNG
309,2016-11-28T00:00:00Z,9.800000,9.800000,9.800000,9.800000,0,reg,True,DKNG
310,2016-11-29T00:00:00Z,9.800000,9.800000,9.800000,9.800000,0,reg,True,DKNG
311,2016-11-30T00:00:00Z,9.800000,9.800000,9.800000,9.800000,0,reg,True,DKNG
312,2016-12-01T00:00:00Z,9.800000,9.800000,9.800000,9.800000,0,reg,True,DKNG
313,2016-12-02T00:00:00Z,9.800000,9.800000,9.800000,9.800000,0,reg,True,DKNG
314,2016-12-05T00:00:00Z,9.800000,9.800000,9.800000,9.800000,0,reg,True,DKNG
315,2016-12-06T00:00:00Z,9.800000,9.800000,9.800000,9.800000,0,reg,True,DKNG
316,2016-12-07T00:00:00Z,9.800000,9.800000,9.800000,9.800000,0,reg,True,DKNG
317,2016-12-08T00:00:00Z,9.800000,9.800000,9.800000,9.800000,0,reg,True,DKNG
318,2016-12-09T00:00:00Z,9.800000,9.800000,9.800000,9.800000,0,reg,True,DKNG
319,2016-12-12T00:00:00Z,9.800000,9.800000,9.800000,9.800000,0,reg,True,DKNG
320,2016-12-13T00:00:00Z,9.800000,9.800000,9.800000,9.800000,0,reg,True,DKNG
321,2016-12-14T00:00:00Z,9.800000,9.800000,9.800000,9.800000,0,reg,True,DKNG
322,2016-12-15T00:00:00Z,9.800000,9.800000,9.800000,9.800000,0,reg,True,DKNG
323,2016-12-16T00:00:00Z,9.800000,9.800000,9.800000,9.800000,0,reg,True,DKNG
324,2016-12-19T00:00:00Z,9.800000,9.800000,9.800000,9.800000,0,reg,True,DKNG
325,2016-12-20T00:00:00Z,9.800000,9.800000,9.800000,9.800000,0,reg,True,DKNG
326,2016-12-21T00:00:00Z,9.800000,9.800000,9.800000,9.800000,0,reg,True,DKNG
327,2016-12-22T00:00:00Z,9.800000,9.800000,9.800000,9.800000,0,reg,True,DKNG
328,2016-12-23T00:00:00Z,9.800000,9.800000,9.800000,9.800000,0,reg,True,DKNG
329,2016-12-27T00:00:00Z,9.800000,9.800000,9.800000,9.800000,0,reg,True,DKNG
330,2016-12-28T00:00:00Z,9.800000,9.800000,9.800000,9.800000,0,reg,True,DKNG
331,2016-12-29T00:00:00Z,9.800000,9.800000,9.800000,9.800000,0,reg,True,DKNG
332,2016-12-30T00:00:00Z,9.800000,9.800000,9.800000,9.800000,0,reg,True,DKNG
333,2017-01-03T00:00:00Z,9.800000,9.800000,9.800000,9.800000,0,reg,True,DKNG
334,2017-01-04T00:00:00Z,9.800000,9.800000,9.800000,9.800000,0,reg,True,DKNG
335,2017-01-05T00:00:00Z,9.800000,9.800000,9.800000,9.800000,0,reg,True,DKNG
336,2017-01-06T00:00:00Z,9.800000,9.800000,9.800000,9.800000,0,reg,True,DKNG
337,2017-01-09T00:00:00Z,9.800000,9.800000,9.800000,9.800000,0,reg,True,DKNG
338,2017-01-10T00:00:00Z,9.800000,9.800000,9.800000,9.800000,0,reg,True,DKNG
339,2017-01-11T00:00:00Z,9.800000,9.800000,9.800000,9.800000,0,reg,True,DKNG
340,2017-01-12T00:00:00Z,9.800000,9.800000,9.800000,9.800000,0,reg,True,DKNG
341,2017-01-13T00:00:00Z,9.800000,9.800000,9.800000,9.800000,0,reg,True,DKNG
342,2017-01-17T00:00:00Z,9.800000,9.800000,9.800000,9.800000,0,reg,True,DKNG
343,2017-01-18T00:00:00Z,9.800000,9.800000,9.800000,9.800000,0,reg,True,DKNG
344,2017-01-19T00:00:00Z,9.800000,9.800000,9.800000,9.800000,0,reg,True,DKNG
345,2017-01-20T00:00:00Z,9.800000,9.800000,9.800000,9.800000,0,reg,True,DKNG
346,2017-01-23T00:00:00Z,9.800000,9.800000,9.800000,9.800000,0,reg,True,DKNG
347,2017-01-24T00:00:00Z,9.800000,9.800000,9.800000,9.800000,0,reg,True,DKNG
348,2017-01-25T00:00:00Z,9.800000,9.800000,9.800000,9.800000,0,reg,True,DKNG
349,2017-01-26T00:00:00Z,9.800000,9.800000,9.800000,9.800000,0,reg,True,DKNG
350,2017-01-27T00:00:00Z,9.800000,9.800000,9.800000,9.800000,0,reg,True,DKNG
351,2017-01-30T00:00:00Z,9.800000,9.800000,9.800000,9.800000,0,reg,True,DKNG
352,2017-01-31T00:00:00Z,9.800000,9.800000,9.800000,9.800000,0,reg,True,DKNG
353,2017-02-01T00:00:00Z,9.800000,9.800000,9.800000,9.800000,0,reg,True,DKNG
354,2017-02-02T00:00:00Z,9.800000,9.800000,9.800000,9.800000,0,reg,True,DKNG
355,2017-02-03T00:00:00Z,9.800000,9.800000,9.800000,9.800000,0,reg,True,DKNG
356,2017-02-06T00:00:00Z,9.800000,9.800000,9.800000,9.800000,0,reg,True,DKNG
357,2017-02-07T00:00:00Z,9.800000,9.800000,9.800000,9.800000,0,reg,True,DKNG
358,2017-02-08T00:00:00Z,9.800000,9.800000,9.800000,9.800000,0,reg,True,DKNG
359,2017-02-09T00:00:00Z,9.800000,9.800000,9.800000,9.800000,0,reg,True,DKNG
360,2017-02-10T00:00:00Z,9.800000,9.800000,9.800000,9.800000,0,reg,True,DKNG
361,2017-02-13T00:00:00Z,9.800000,9.800000,9.800000,9.800000,0,reg,True,DKNG
362,2017-02-14T00:00:00Z,9.800000,9.800000,9.800000,9.800000,0,reg,True,DKNG
363,2017-02-15T00:00:00Z,9.800000,9.800000,9.800000,9.800000,0,reg,True,DKNG
364,2017-02-16T00:00:00Z,9.800000,9.800000,9.800000,9.800000,0,reg,True,DKNG
365,2017-02-17T00:00:00Z,9.800000,9.800000,9.800000,9.800000,0,reg,True,DKNG
366,2017-02-21T00:00:00Z,9.800000,9.800000,9.800000,9.800000,0,reg,True,DKNG
367,2017-02-22T00:00:00Z,9.800000,9.800000,9.800000,9.800000,0,reg,True,DKNG
368,2017-02-23T00:00:00Z,9.800000,9.800000,9.800000,9.800000,0,reg,True,DKNG
369,2017-02-24T00:00:00Z,9.800000,9.800000,9.800000,9.800000,0,reg,True,DKNG
370,2017-02-27T00:00:00Z,9.800000,9.800000,9.800000,9.800000,0,reg,True,DKNG
371,2017-02-28T00:00:00Z,9.800000,9.800000,9.800000,9.800000,0,reg,True,DKNG
372,2017-03-01T00:00:00Z,9.800000,9.800000,9.800000,9.800000,0,reg,True,DKNG
373,2017-03-02T00:00:00Z,9.800000,9.800000,9.800000,9.800000,0,reg,True,DKNG
374,2017-03-03T00:00:00Z,9.800000,9.800000,9.800000,9.800000,0,reg,True,DKNG
375,2017-03-06T00:00:00Z,9.800000,9.800000,9.800000,9.800000,0,reg,True,DKNG
376,2017-03-07T00:00:00Z,9.800000,9.800000,9.800000,9.800000,0,reg,True,DKNG
377,2017-03-08T00:00:00Z,9.800000,9.800000,9.800000,9.800000,0,reg,True,DKNG
378,2017-03-09T00:00:00Z,9.800000,9.800000,9.800000,9.800000,0,reg,True,DKNG
379,2017-03-10T00:00:00Z,9.800000,9.800000,9.800000,9.800000,0,reg,True,DKNG
380,2017-03-13T00:00:00Z,9.800000,9.800000,9.800000,9.800000,0,reg,True,DKNG
381,2017-03-14T00:00:00Z,9.800000,9.800000,9.800000,9.800000,0,reg,True,DKNG
382,2017-03-15T00:00:00Z,9.800000,9.800000,9.800000,9.800000,0,reg,True,DKNG
383,2017-03-16T00:00:00Z,9.800000,9.800000,9.800000,9.800000,0,reg,True,DKNG
384,2017-03-17T00:00:00Z,9.800000,9.800000,9.800000,9.800000,0,reg,True,DKNG
385,2017-03-20T00:00:00Z,9.800000,9.800000,9.800000,9.800000,0,reg,True,DKNG
386,2017-03-21T00:00:00Z,9.800000,9.800000,9.800000,9.800000,0,reg,True,DKNG
387,2017-03-22T00:00:00Z,9.800000,9.800000,9.800000,9.800000,0,reg,True,DKNG
388,2017-03-23T00:00:00Z,9.800000,9.800000,9.800000,9.800000,0,reg,True,DKNG
389,2017-03-24T00:00:00Z,9.800000,9.800000,9.800000,9.800000,0,reg,True,DKNG
390,2017-03-27T00:00:00Z,9.800000,9.800000,9.800000,9.800000,0,reg,True,DKNG
391,2017-03-28T00:00:00Z,9.800000,9.800000,9.800000,9.800000,0,reg,True,DKNG
392,2017-03-29T00:00:00Z,9.800000,9.800000,9.800000,9.800000,0,reg,True,DKNG
393,2017-03-30T00:00:00Z,9.800000,9.800000,9.800000,9.800000,0,reg,True,DKNG
394,2017-03-31T00:00:00Z,9.800000,9.800000,9.800000,9.800000,0,reg,True,DKNG
395,2017-04-03T00:00:00Z,9.800000,9.800000,9.800000,9.800000,0,reg,True,DKNG
396,2017-04-04T00:00:00Z,9.800000,9.800000,9.800000,9.800000,0,reg,True,DKNG
397,2017-04-05T00:00:00Z,9.800000,9.800000,9.800000,9.800000,0,reg,True,DKNG
398,2017-04-06T00:00:00Z,9.800000,9.800000,9.800000,9.800000,0,reg,True,DKNG
399,2017-04-07T00:00:00Z,9.800000,9.800000,9.800000,9.800000,0,reg,True,DKNG
400,2017-04-10T00:00:00Z,9.800000,9.800000,9.800000,9.800000,0,reg,True,DKNG
401,2017-04-11T00:00:00Z,9.800000,9.800000,9.800000,9.800000,0,reg,True,DKNG
402,2017-04-12T00:00:00Z,9.800000,9.800000,9.800000,9.800000,0,reg,True,DKNG
403,2017-04-13T00:00:00Z,9.800000,9.800000,9.800000,9.800000,0,reg,True,DKNG
404,2017-04-17T00:00:00Z,9.800000,9.800000,9.800000,9.800000,0,reg,True,DKNG
405,2017-04-18T00:00:00Z,9.800000,9.800000,9.800000,9.800000,0,reg,True,DKNG
406,2017-04-19T00:00:00Z,9.800000,9.800000,9.800000,9.800000,0,reg,True,DKNG
407,2017-04-20T00:00:00Z,9.800000,9.800000,9.800000,9.800000,0,reg,True,DKNG
408,2017-04-21T00:00:00Z,9.800000,9.800000,9.800000,9.800000,0,reg,True,DKNG
409,2017-04-24T00:00:00Z,9.800000,9.800000,9.800000,9.800000,0,reg,True,DKNG
410,2017-04-25T00:00:00Z,9.800000,9.800000,9.800000,9.800000,0,reg,True,DKNG
411,2017-04-26T00:00:00Z,9.800000,9.800000,9.800000,9.800000,0,reg,True,DKNG
412,2017-04-27T00:00:00Z,9.800000,9.800000,9.800000,9.800000,0,reg,True,DKNG
413,2017-04-28T00:00:00Z,9.800000,9.800000,9.800000,9.800000,0,reg,True,DKNG
414,2017-05-01T00:00:00Z,9.800000,9.800000,9.800000,9.800000,0,reg,True,DKNG
415,2017-05-02T00:00:00Z,9.800000,9.800000,9.800000,9.800000,0,reg,True,DKNG
416,2017-05-03T00:00:00Z,9.800000,9.800000,9.800000,9.800000,0,reg,True,DKNG
417,2017-05-04T00:00:00Z,9.800000,9.800000,9.800000,9.800000,0,reg,True,DKNG
418,2017-05-05T00:00:00Z,9.800000,9.800000,9.800000,9.800000,0,reg,True,DKNG
419,2017-05-08T00:00:00Z,9.800000,9.800000,9.800000,9.800000,0,reg,True,DKNG
420,2017-05-09T00:00:00Z,9.800000,9.800000,9.800000,9.800000,0,reg,True,DKNG
421,2017-05-10T00:00:00Z,9.800000,9.800000,9.800000,9.800000,0,reg,True,DKNG
422,2017-05-11T00:00:00Z,9.800000,9.800000,9.800000,9.800000,0,reg,True,DKNG
423,2017-05-12T00:00:00Z,9.800000,9.800000,9.800000,9.800000,0,reg,True,DKNG
424,2017-05-15T00:00:00Z,9.800000,9.800000,9.800000,9.800000,0,reg,True,DKNG
425,2017-05-16T00:00:00Z,9.800000,9.800000,9.800000,9.800000,0,reg,True,DKNG
426,2017-05-17T00:00:00Z,9.800000,9.800000,9.800000,9.800000,0,reg,True,DKNG
427,2017-05-18T00:00:00Z,9.800000,9.800000,9.800000,9.800000,0,reg,True,DKNG
428,2017-05-19T00:00:00Z,9.800000,9.800000,9.800000,9.800000,0,reg,True,DKNG
429,2017-05-22T00:00:00Z,9.800000,9.800000,9.800000,9.800000,0,reg,True,DKNG
430,2017-05-23T00:00:00Z,9.800000,9.800000,9.800000,9.800000,0,reg,True,DKNG
431,2017-05-24T00:00:00Z,9.800000,9.800000,9.800000,9.800000,0,reg,True,DKNG
432,2017-05-25T00:00:00Z,9.800000,9.800000,9.800000,9.800000,0,reg,True,DKNG
433,2017-05-26T00:00:00Z,9.800000,9.800000,9.800000,9.800000,0,reg,True,DKNG
434,2017-05-30T00:00:00Z,9.800000,9.800000,9.800000,9.800000,0,reg,True,DKNG
435,2017-05-31T00:00:00Z,9.800000,9.800000,9.800000,9.800000,0,reg,True,DKNG
436,2017-06-01T00:00:00Z,9.800000,9.800000,9.800000,9.800000,0,reg,True,DKNG
437,2017-06-02T00:00:00Z,9.800000,9.800000,9.800000,9.800000,0,reg,True,DKNG
438,2017-06-05T00:00:00Z,9.800000,9.800000,9.800000,9.800000,0,reg,True,DKNG
439,2017-06-06T00:00:00Z,9.800000,9.800000,9.800000,9.800000,0,reg,True,DKNG
440,2017-06-07T00:00:00Z,9.800000,9.800000,9.800000,9.800000,0,reg,True,DKNG
441,2017-06-08T00:00:00Z,9.800000,9.800000,9.800000,9.800000,0,reg,True,DKNG
442,2017-06-09T00:00:00Z,9.800000,9.800000,9.800000,9.800000,0,reg,True,DKNG
443,2017-06-12T00:00:00Z,9.800000,9.800000,9.800000,9.800000,0,reg,True,DKNG
444,2017-06-13T00:00:00Z,9.800000,9.800000,9.800000,9.800000,0,reg,True,DKNG
445,2017-06-14T00:00:00Z,9.800000,9.800000,9.800000,9.800000,0,reg,True,DKNG
446,2017-06-15T00:00:00Z,9.800000,9.800000,9.800000,9.800000,0,reg,True,DKNG
447,2017-06-16T00:00:00Z,9.800000,9.800000,9.800000,9.800000,0,reg,True,DKNG
448,2017-06-19T00:00:00Z,9.800000,9.800000,9.800000,9.800000,0,reg,True,DKNG
449,2017-06-20T00:00:00Z,9.800000,9.800000,9.800000,9.800000,0,reg,True,DKNG
450,2017-06-21T00:00:00Z,9.800000,9.800000,9.800000,9.800000,0,reg,True,DKNG
451,2017-06-22T00:00:00Z,9.800000,9.800000,9.800000,9.800000,0,reg,True,DKNG
452,2017-06-23T00:00:00Z,9.800000,9.800000,9.800000,9.800000,0,reg,True,DKNG
453,2017-06-26T00:00:00Z,9.800000,9.800000,9.800000,9.800000,0,reg,True,DKNG
454,2017-06-27T00:00:00Z,9.800000,9.800000,9.800000,9.800000,0,reg,True,DKNG
455,2017-06-28T00:00:00Z,9.800000,9.800000,9.800000,9.800000,0,reg,True,DKNG
456,2017-06-29T00:00:00Z,9.800000,9.800000,9.800000,9.800000,0,reg,True,DKNG
457,2017-06-30T00:00:00Z,9.800000,9.800000,9.800000,9.800000,0,reg,True,DKNG
458,2017-07-03T00:00:00Z,9.800000,9.800000,9.800000,9.800000,0,reg,True,DKNG
459,2017-07-05T00:00:00Z,9.800000,9.800000,9.800000,9.800000,0,reg,True,DKNG
460,2017-07-06T00:00:00Z,9.800000,9.800000,9.800000,9.800000,0,reg,True,DKNG
461,2017-07-07T00:00:00Z,9.800000,9.800000,9.800000,9.800000,0,reg,True,DKNG
462,2017-07-10T00:00:00Z,9.800000,9.800000,9.800000,9.800000,0,reg,True,DKNG
463,2017-07-11T00:00:00Z,9.800000,9.800000,9.800000,9.800000,0,reg,True,DKNG
464,2017-07-12T00:00:00Z,9.800000,9.800000,9.800000,9.800000,0,reg,True,DKNG
465,2017-07-13T00:00:00Z,9.800000,9.800000,9.800000,9.800000,0,reg,True,DKNG
466,2017-07-14T00:00:00Z,9.800000,9.800000,9.800000,9.800000,0,reg,True,DKNG
467,2017-07-17T00:00:00Z,9.800000,9.800000,9.800000,9.800000,0,reg,True,DKNG
468,2017-07-18T00:00:00Z,9.800000,9.800000,9.800000,9.800000,0,reg,True,DKNG
469,2017-07-19T00:00:00Z,9.800000,9.800000,9.800000,9.800000,0,reg,True,DKNG
470,2017-07-20T00:00:00Z,9.800000,9.800000,9.800000,9.800000,0,reg,True,DKNG
471,2017-07-21T00:00:00Z,9.800000,9.800000,9.800000,9.800000,0,reg,True,DKNG
472,2017-07-24T00:00:00Z,9.800000,9.800000,9.800000,9.800000,0,reg,True,DKNG
473,2017-07-25T00:00:00Z,9.800000,9.800000,9.800000,9.800000,0,reg,True,DKNG
474,2017-07-26T00:00:00Z,9.800000,9.800000,9.800000,9.800000,0,reg,True,DKNG
475,2017-07-27T00:00:00Z,9.800000,9.800000,9.800000,9.800000,0,reg,True,DKNG
476,2017-07-28T00:00:00Z,9.800000,9.800000,9.800000,9.800000,0,reg,True,DKNG
477,2017-07-31T00:00:00Z,9.800000,9.800000,9.800000,9.800000,0,reg,True,DKNG
478,2017-08-01T00:00:00Z,9.800000,9.800000,9.800000,9.800000,0,reg,True,DKNG
479,2017-08-02T00:00:00Z,9.800000,9.800000,9.800000,9.800000,0,reg,True,DKNG
480,2017-08-03T00:00:00Z,9.800000,9.800000,9.800000,9.800000,0,reg,True,DKNG
481,2017-08-04T00:00:00Z,9.800000,9.800000,9.800000,9.800000,0,reg,True,DKNG
482,2017-08-07T00:00:00Z,9.800000,9.800000,9.800000,9.800000,0,reg,True,DKNG
483,2017-08-08T00:00:00Z,9.800000,9.800000,9.800000,9.800000,0,reg,True,DKNG
484,2017-08-09T00:00:00Z,9.800000,9.800000,9.800000,9.800000,0,reg,True,DKNG
485,2017-08-10T00:00:00Z,9.800000,9.800000,9.800000,9.800000,0,reg,True,DKNG
486,2017-08-11T00:00:00Z,9.800000,9.800000,9.800000,9.800000,0,reg,True,DKNG
487,2017-08-14T00:00:00Z,9.800000,9.800000,9.800000,9.800000,0,reg,True,DKNG
488,2017-08-15T00:00:00Z,9.800000,9.800000,9.800000,9.800000,0,reg,True,DKNG
489,2017-08-16T00:00:00Z,9.800000,9.800000,9.800000,9.800000,0,reg,True,DKNG
490,2017-08-17T00:00:00Z,9.800000,9.800000,9.800000,9.800000,0,reg,True,DKNG
491,2017-08-18T00:00:00Z,9.800000,9.800000,9.800000,9.800000,0,reg,True,DKNG
492,2017-08-21T00:00:00Z,9.800000,9.800000,9.800000,9.800000,0,reg,True,DKNG
493,2017-08-22T00:00:00Z,9.800000,9.800000,9.800000,9.800000,0,reg,True,DKNG
494,2017-08-23T00:00:00Z,9.800000,9.800000,9.800000,9.800000,0,reg,True,DKNG
495,2017-08-24T00:00:00Z,9.800000,9.800000,9.800000,9.800000,0,reg,True,DKNG
496,2017-08-25T00:00:00Z,9.800000,9.800000,9.800000,9.800000,0,reg,True,DKNG
497,2017-08-28T00:00:00Z,9.800000,9.800000,9.800000,9.800000,0,reg,True,DKNG
498,2017-08-29T00:00:00Z,9.800000,9.800000,9.800000,9.800000,0,reg,True,DKNG
499,2017-08-30T00:00:00Z,9.800000,9.800000,9.800000,9.800000,0,reg,True,DKNG
500,2017-08-31T00:00:00Z,9.800000,9.800000,9.800000,9.800000,0,reg,True,DKNG
501,2017-09-01T00:00:00Z,9.800000,9.800000,9.800000,9.800000,0,reg,True,DKNG
502,2017-09-05T00:00:00Z,9.800000,9.800000,9.800000,9.800000,0,reg,True,DKNG
503,2017-09-06T00:00:00Z,9.800000,9.800000,9.800000,9.800000,0,reg,True,DKNG
504,2017-09-07T00:00:00Z,9.800000,9.800000,9.800000,9.800000,0,reg,True,DKNG
505,2017-09-08T00:00:00Z,9.800000,9.800000,9.800000,9.800000,0,reg,True,DKNG
506,2017-09-11T00:00:00Z,9.800000,9.800000,9.800000,9.800000,0,reg,True,DKNG
507,2017-09-12T00:00:00Z,9.800000,9.800000,9.800000,9.800000,0,reg,True,DKNG
508,2017-09-13T00:00:00Z,9.800000,9.800000,9.800000,9.800000,0,reg,True,DKNG
509,2017-09-14T00:00:00Z,9.800000,9.800000,9.800000,9.800000,0,reg,True,DKNG
510,2017-09-15T00:00:00Z,9.800000,9.800000,9.800000,9.800000,0,reg,True,DKNG
511,2017-09-18T00:00:00Z,9.800000,9.800000,9.800000,9.800000,0,reg,True,DKNG
512,2017-09-19T00:00:00Z,9.800000,9.800000,9.800000,9.800000,0,reg,True,DKNG
513,2017-09-20T00:00:00Z,9.800000,9.800000,9.800000,9.800000,0,reg,True,DKNG
514,2017-09-21T00:00:00Z,9.800000,9.800000,9.800000,9.800000,0,reg,True,DKNG
515,2017-09-22T00:00:00Z,9.800000,9.800000,9.800000,9.800000,0,reg,True,DKNG
516,2017-09-25T00:00:00Z,9.800000,9.800000,9.800000,9.800000,0,reg,True,DKNG
517,2017-09-26T00:00:00Z,9.800000,9.800000,9.800000,9.800000,0,reg,True,DKNG
518,2017-09-27T00:00:00Z,9.800000,9.800000,9.800000,9.800000,0,reg,True,DKNG
519,2017-09-28T00:00:00Z,9.800000,9.800000,9.800000,9.800000,0,reg,True,DKNG
520,2017-09-29T00:00:00Z,9.800000,9.800000,9.800000,9.800000,0,reg,True,DKNG
521,2017-10-02T00:00:00Z,9.800000,9.800000,9.800000,9.800000,0,reg,True,DKNG
522,2017-10-03T00:00:00Z,9.800000,9.800000,9.800000,9.800000,0,reg,True,DKNG
523,2017-10-04T00:00:00Z,9.800000,9.800000,9.800000,9.800000,0,reg,True,DKNG
524,2017-10-05T00:00:00Z,9.800000,9.800000,9.800000,9.800000,0,reg,True,DKNG
525,2017-10-06T00:00:00Z,9.800000,9.800000,9.800000,9.800000,0,reg,True,DKNG
526,2017-10-09T00:00:00Z,9.800000,9.800000,9.800000,9.800000,0,reg,True,DKNG
527,2017-10-10T00:00:00Z,9.800000,9.800000,9.800000,9.800000,0,reg,True,DKNG
528,2017-10-11T00:00:00Z,9.800000,9.800000,9.800000,9.800000,0,reg,True,DKNG
529,2017-10-12T00:00:00Z,9.800000,9.800000,9.800000,9.800000,0,reg,True,DKNG
530,2017-10-13T00:00:00Z,9.800000,9.800000,9.800000,9.800000,0,reg,True,DKNG
531,2017-10-16T00:00:00Z,9.800000,9.800000,9.800000,9.800000,0,reg,True,DKNG
532,2017-10-17T00:00:00Z,9.800000,9.800000,9.800000,9.800000,0,reg,True,DKNG
533,2017-10-18T00:00:00Z,9.800000,9.800000,9.800000,9.800000,0,reg,True,DKNG
534,2017-10-19T00:00:00Z,9.800000,9.800000,9.800000,9.800000,0,reg,True,DKNG
535,2017-10-20T00:00:00Z,9.800000,9.800000,9.800000,9.800000,0,reg,True,DKNG
536,2017-10-23T00:00:00Z,9.800000,9.800000,9.800000,9.800000,0,reg,True,DKNG
537,2017-10-24T00:00:00Z,9.800000,9.800000,9.800000,9.800000,0,reg,True,DKNG
538,2017-10-25T00:00:00Z,9.800000,9.800000,9.800000,9.800000,0,reg,True,DKNG
539,2017-10-26T00:00:00Z,9.800000,9.800000,9.800000,9.800000,0,reg,True,DKNG
540,2017-10-27T00:00:00Z,9.800000,9.800000,9.800000,9.800000,0,reg,True,DKNG
541,2017-10-30T00:00:00Z,9.800000,9.800000,9.800000,9.800000,0,reg,True,DKNG
542,2017-10-31T00:00:00Z,9.800000,9.800000,9.800000,9.800000,0,reg,True,DKNG
543,2017-11-01T00:00:00Z,9.800000,9.800000,9.800000,9.800000,0,reg,True,DKNG
544,2017-11-02T00:00:00Z,9.800000,9.800000,9.800000,9.800000,0,reg,True,DKNG
545,2017-11-03T00:00:00Z,9.800000,9.800000,9.800000,9.800000,0,reg,True,DKNG
546,2017-11-06T00:00:00Z,9.800000,9.800000,9.800000,9.800000,0,reg,True,DKNG
547,2017-11-07T00:00:00Z,9.800000,9.800000,9.800000,9.800000,0,reg,True,DKNG
548,2017-11-08T00:00:00Z,9.800000,9.800000,9.800000,9.800000,0,reg,True,DKNG
549,2017-11-09T00:00:00Z,9.800000,9.800000,9.800000,9.800000,0,reg,True,DKNG
550,2017-11-10T00:00:00Z,9.800000,9.800000,9.800000,9.800000,0,reg,True,DKNG
551,2017-11-13T00:00:00Z,9.800000,9.800000,9.800000,9.800000,0,reg,True,DKNG
552,2017-11-14T00:00:00Z,9.800000,9.800000,9.800000,9.800000,0,reg,True,DKNG
553,2017-11-15T00:00:00Z,9.800000,9.800000,9.800000,9.800000,0,reg,True,DKNG
554,2017-11-16T00:00:00Z,9.800000,9.800000,9.800000,9.800000,0,reg,True,DKNG
555,2017-11-17T00:00:00Z,9.800000,9.800000,9.800000,9.800000,0,reg,True,DKNG
556,2017-11-20T00:00:00Z,9.800000,9.800000,9.800000,9.800000,0,reg,True,DKNG
557,2017-11-21T00:00:00Z,9.800000,9.800000,9.800000,9.800000,0,reg,True,DKNG
558,2017-11-22T00:00:00Z,9.800000,9.800000,9.800000,9.800000,0,reg,True,DKNG
559,2017-11-24T00:00:00Z,9.800000,9.800000,9.800000,9.800000,0,reg,True,DKNG
560,2017-11-27T00:00:00Z,9.800000,9.800000,9.800000,9.800000,0,reg,True,DKNG
561,2017-11-28T00:00:00Z,9.800000,9.800000,9.800000,9.800000,0,reg,True,DKNG
562,2017-11-29T00:00:00Z,9.800000,9.800000,9.800000,9.800000,0,reg,True,DKNG
563,2017-11-30T00:00:00Z,9.800000,9.800000,9.800000,9.800000,0,reg,True,DKNG
564,2017-12-01T00:00:00Z,9.800000,9.800000,9.800000,9.800000,0,reg,True,DKNG
565,2017-12-04T00:00:00Z,9.800000,9.800000,9.800000,9.800000,0,reg,True,DKNG
566,2017-12-05T00:00:00Z,9.800000,9.800000,9.800000,9.800000,0,reg,True,DKNG
567,2017-12-06T00:00:00Z,9.800000,9.800000,9.800000,9.800000,0,reg,True,DKNG
568,2017-12-07T00:00:00Z,9.800000,9.800000,9.800000,9.800000,0,reg,True,DKNG
569,2017-12-08T00:00:00Z,9.800000,9.800000,9.800000,9.800000,0,reg,True,DKNG
570,2017-12-11T00:00:00Z,9.800000,9.800000,9.800000,9.800000,0,reg,True,DKNG
571,2017-12-12T00:00:00Z,9.800000,9.800000,9.800000,9.800000,0,reg,True,DKNG
572,2017-12-13T00:00:00Z,9.800000,9.800000,9.800000,9.800000,0,reg,True,DKNG
573,2017-12-14T00:00:00Z,9.800000,9.800000,9.800000,9.800000,0,reg,True,DKNG
574,2017-12-15T00:00:00Z,9.800000,9.800000,9.800000,9.800000,0,reg,True,DKNG
575,2017-12-18T00:00:00Z,9.800000,9.800000,9.800000,9.800000,0,reg,True,DKNG
576,2017-12-19T00:00:00Z,9.800000,9.800000,9.800000,9.800000,0,reg,True,DKNG
577,2017-12-20T00:00:00Z,9.800000,9.800000,9.800000,9.800000,0,reg,True,DKNG
578,2017-12-21T00:00:00Z,9.800000,9.800000,9.800000,9.800000,0,reg,True,DKNG
579,2017-12-22T00:00:00Z,9.800000,9.800000,9.800000,9.800000,0,reg,True,DKNG
580,2017-12-26T00:00:00Z,9.800000,9.800000,9.800000,9.800000,0,reg,True,DKNG
581,2017-12-27T00:00:00Z,9.800000,9.800000,9.800000,9.800000,0,reg,True,DKNG
582,2017-12-28T00:00:00Z,9.800000,9.800000,9.800000,9.800000,0,reg,True,DKNG
583,2017-12-29T00:00:00Z,9.800000,9.800000,9.800000,9.800000,0,reg,True,DKNG
584,2018-01-02T00:00:00Z,9.800000,9.800000,9.800000,9.800000,0,reg,True,DKNG
585,2018-01-03T00:00:00Z,9.800000,9.800000,9.800000,9.800000,0,reg,True,DKNG
586,2018-01-04T00:00:00Z,9.800000,9.800000,9.800000,9.800000,0,reg,True,DKNG
587,2018-01-05T00:00:00Z,9.800000,9.800000,9.800000,9.800000,0,reg,True,DKNG
588,2018-01-08T00:00:00Z,9.800000,9.800000,9.800000,9.800000,0,reg,True,DKNG
589,2018-01-09T00:00:00Z,9.800000,9.800000,9.800000,9.800000,0,reg,True,DKNG
590,2018-01-10T00:00:00Z,9.800000,9.800000,9.800000,9.800000,0,reg,True,DKNG
591,2018-01-11T00:00:00Z,9.800000,9.800000,9.800000,9.800000,0,reg,True,DKNG
592,2018-01-12T00:00:00Z,9.800000,9.800000,9.800000,9.800000,0,reg,True,DKNG
593,2018-01-16T00:00:00Z,9.800000,9.800000,9.800000,9.800000,0,reg,True,DKNG
594,2018-01-17T00:00:00Z,9.800000,9.800000,9.800000,9.800000,0,reg,True,DKNG
595,2018-01-18T00:00:00Z,9.800000,9.800000,9.800000,9.800000,0,reg,True,DKNG
596,2018-01-19T00:00:00Z,9.800000,9.800000,9.800000,9.800000,0,reg,True,DKNG
597,2018-01-22T00:00:00Z,9.800000,9.800000,9.800000,9.800000,0,reg,True,DKNG
598,2018-01-23T00:00:00Z,9.800000,9.800000,9.800000,9.800000,0,reg,True,DKNG
599,2018-01-24T00:00:00Z,9.800000,9.800000,9.800000,9.800000,0,reg,True,DKNG
600,2018-01-25T00:00:00Z,9.800000,9.800000,9.800000,9.800000,0,reg,True,DKNG
601,2018-01-26T00:00:00Z,9.800000,9.800000,9.800000,9.800000,0,reg,True,DKNG
602,2018-01-29T00:00:00Z,9.800000,9.800000,9.800000,9.800000,0,reg,True,DKNG
603,2018-01-30T00:00:00Z,9.800000,9.800000,9.800000,9.800000,0,reg,True,DKNG
604,2018-01-31T00:00:00Z,9.800000,9.800000,9.800000,9.800000,0,reg,True,DKNG
605,2018-02-01T00:00:00Z,9.800000,9.800000,9.800000,9.800000,0,reg,True,DKNG
606,2018-02-02T00:00:00Z,9.800000,9.800000,9.800000,9.800000,0,reg,True,DKNG
607,2018-02-05T00:00:00Z,9.800000,9.800000,9.800000,9.800000,0,reg,True,DKNG
608,2018-02-06T00:00:00Z,9.800000,9.800000,9.800000,9.800000,0,reg,True,DKNG
609,2018-02-07T00:00:00Z,9.800000,9.800000,9.800000,9.800000,0,reg,True,DKNG
610,2018-02-08T00:00:00Z,9.800000,9.800000,9.800000,9.800000,0,reg,True,DKNG
611,2018-02-09T00:00:00Z,9.800000,9.800000,9.800000,9.800000,0,reg,True,DKNG
612,2018-02-12T00:00:00Z,9.800000,9.800000,9.800000,9.800000,0,reg,True,DKNG
613,2018-02-13T00:00:00Z,9.800000,9.800000,9.800000,9.800000,0,reg,True,DKNG
614,2018-02-14T00:00:00Z,9.800000,9.800000,9.800000,9.800000,0,reg,True,DKNG
615,2018-02-15T00:00:00Z,9.800000,9.800000,9.800000,9.800000,0,reg,True,DKNG
616,2018-02-16T00:00:00Z,9.800000,9.800000,9.800000,9.800000,0,reg,True,DKNG
617,2018-02-20T00:00:00Z,9.800000,9.800000,9.800000,9.800000,0,reg,True,DKNG
618,2018-02-21T00:00:00Z,9.800000,9.800000,9.800000,9.800000,0,reg,True,DKNG
619,2018-02-22T00:00:00Z,9.800000,9.800000,9.800000,9.800000,0,reg,True,DKNG
620,2018-02-23T00:00:00Z,9.800000,9.800000,9.800000,9.800000,0,reg,True,DKNG
621,2018-02-26T00:00:00Z,9.800000,9.800000,9.800000,9.800000,0,reg,True,DKNG
622,2018-02-27T00:00:00Z,9.800000,9.800000,9.800000,9.800000,0,reg,True,DKNG
623,2018-02-28T00:00:00Z,9.800000,9.800000,9.800000,9.800000,0,reg,True,DKNG
624,2018-03-01T00:00:00Z,9.800000,9.800000,9.800000,9.800000,0,reg,True,DKNG
625,2018-03-02T00:00:00Z,9.800000,9.800000,9.800000,9.800000,0,reg,True,DKNG
626,2018-03-05T00:00:00Z,9.800000,9.800000,9.800000,9.800000,0,reg,True,DKNG
627,2018-03-06T00:00:00Z,9.800000,9.800000,9.800000,9.800000,0,reg,True,DKNG
628,2018-03-07T00:00:00Z,9.800000,9.800000,9.800000,9.800000,0,reg,True,DKNG
629,2018-03-08T00:00:00Z,9.800000,9.800000,9.800000,9.800000,0,reg,True,DKNG
630,2018-03-09T00:00:00Z,9.800000,9.800000,9.800000,9.800000,0,reg,True,DKNG
631,2018-03-12T00:00:00Z,9.800000,9.800000,9.800000,9.800000,0,reg,True,DKNG
632,2018-03-13T00:00:00Z,9.800000,9.800000,9.800000,9.800000,0,reg,True,DKNG
633,2018-03-14T00:00:00Z,9.800000,9.800000,9.800000,9.800000,0,reg,True,DKNG
634,2018-03-15T00:00:00Z,9.800000,9.800000,9.800000,9.800000,0,reg,True,DKNG
635,2018-03-16T00:00:00Z,9.800000,9.800000,9.800000,9.800000,0,reg,True,DKNG
636,2018-03-19T00:00:00Z,9.800000,9.800000,9.800000,9.800000,0,reg,True,DKNG
637,2018-03-20T00:00:00Z,9.800000,9.800000,9.800000,9.800000,0,reg,True,DKNG
638,2018-03-21T00:00:00Z,9.800000,9.800000,9.800000,9.800000,0,reg,True,DKNG
639,2018-03-22T00:00:00Z,9.800000,9.800000,9.800000,9.800000,0,reg,True,DKNG
640,2018-03-23T00:00:00Z,9.800000,9.800000,9.800000,9.800000,0,reg,True,DKNG
641,2018-03-26T00:00:00Z,9.800000,9.800000,9.800000,9.800000,0,reg,True,DKNG
642,2018-03-27T00:00:00Z,9.800000,9.800000,9.800000,9.800000,0,reg,True,DKNG
643,2018-03-28T00:00:00Z,9.800000,9.800000,9.800000,9.800000,0,reg,True,DKNG
644,2018-03-29T00:00:00Z,9.800000,9.800000,9.800000,9.800000,0,reg,True,DKNG
645,2018-04-02T00:00:00Z,9.800000,9.800000,9.800000,9.800000,0,reg,True,DKNG
646,2018-04-03T00:00:00Z,9.800000,9.800000,9.800000,9.800000,0,reg,True,DKNG
647,2018-04-04T00:00:00Z,9.800000,9.800000,9.800000,9.800000,0,reg,True,DKNG
648,2018-04-05T00:00:00Z,9.800000,9.800000,9.800000,9.800000,0,reg,True,DKNG
649,2018-04-06T00:00:00Z,9.800000,9.800000,9.800000,9.800000,0,reg,True,DKNG
650,2018-04-09T00:00:00Z,9.800000,9.800000,9.800000,9.800000,0,reg,True,DKNG
651,2018-04-10T00:00:00Z,9.800000,9.800000,9.800000,9.800000,0,reg,True,DKNG
652,2018-04-11T00:00:00Z,9.800000,9.800000,9.800000,9.800000,0,reg,True,DKNG
653,2018-04-12T00:00:00Z,9.800000,9.800000,9.800000,9.800000,0,reg,True,DKNG
654,2018-04-13T00:00:00Z,9.800000,9.800000,9.800000,9.800000,0,reg,True,DKNG
655,2018-04-16T00:00:00Z,9.800000,9.800000,9.800000,9.800000,0,reg,True,DKNG
656,2018-04-17T00:00:00Z,9.800000,9.800000,9.800000,9.800000,0,reg,True,DKNG
657,2018-04-18T00:00:00Z,9.800000,9.800000,9.800000,9.800000,0,reg,True,DKNG
658,2018-04-19T00:00:00Z,9.800000,9.800000,9.800000,9.800000,0,reg,True,DKNG
659,2018-04-20T00:00:00Z,9.800000,9.800000,9.800000,9.800000,0,reg,True,DKNG
660,2018-04-23T00:00:00Z,9.800000,9.800000,9.800000,9.800000,0,reg,True,DKNG
661,2018-04-24T00:00:00Z,9.800000,9.800000,9.800000,9.800000,0,reg,True,DKNG
662,2018-04-25T00:00:00Z,9.800000,9.800000,9.800000,9.800000,0,reg,True,DKNG
663,2018-04-26T00:00:00Z,9.800000,9.800000,9.800000,9.800000,0,reg,True,DKNG
664,2018-04-27T00:00:00Z,9.800000,9.800000,9.800000,9.800000,0,reg,True,DKNG
665,2018-04-30T00:00:00Z,9.800000,9.800000,9.800000,9.800000,0,reg,True,DKNG
666,2018-05-01T00:00:00Z,9.800000,9.800000,9.800000,9.800000,0,reg,True,DKNG
667,2018-05-02T00:00:00Z,9.800000,9.800000,9.800000,9.800000,0,reg,True,DKNG
668,2018-05-03T00:00:00Z,9.800000,9.800000,9.800000,9.800000,0,reg,True,DKNG
669,2018-05-04T00:00:00Z,9.800000,9.800000,9.800000,9.800000,0,reg,True,DKNG
670,2018-05-07T00:00:00Z,9.800000,9.800000,9.800000,9.800000,0,reg,True,DKNG
671,2018-05-08T00:00:00Z,9.800000,9.800000,9.800000,9.800000,0,reg,True,DKNG
672,2018-05-09T00:00:00Z,9.800000,9.800000,9.800000,9.800000,0,reg,True,DKNG
673,2018-05-10T00:00:00Z,9.800000,9.800000,9.800000,9.800000,0,reg,True,DKNG
674,2018-05-11T00:00:00Z,9.800000,9.800000,9.800000,9.800000,0,reg,True,DKNG
675,2018-05-14T00:00:00Z,9.800000,9.800000,9.800000,9.800000,0,reg,True,DKNG
676,2018-05-15T00:00:00Z,9.800000,9.800000,9.800000,9.800000,0,reg,True,DKNG
677,2018-05-16T00:00:00Z,9.800000,9.800000,9.800000,9.800000,0,reg,True,DKNG
678,2018-05-17T00:00:00Z,9.800000,9.800000,9.800000,9.800000,0,reg,True,DKNG
679,2018-05-18T00:00:00Z,9.800000,9.800000,9.800000,9.800000,0,reg,True,DKNG
680,2018-05-21T00:00:00Z,9.800000,9.800000,9.800000,9.800000,0,reg,True,DKNG
681,2018-05-22T00:00:00Z,9.800000,9.800000,9.800000,9.800000,0,reg,True,DKNG
682,2018-05-23T00:00:00Z,9.800000,9.800000,9.800000,9.800000,0,reg,True,DKNG
683,2018-05-24T00:00:00Z,9.800000,9.800000,9.800000,9.800000,0,reg,True,DKNG
684,2018-05-25T00:00:00Z,9.800000,9.800000,9.800000,9.800000,0,reg,True,DKNG
685,2018-05-29T00:00:00Z,9.800000,9.800000,9.800000,9.800000,0,reg,True,DKNG
686,2018-05-30T00:00:00Z,9.800000,9.800000,9.800000,9.800000,0,reg,True,DKNG
687,2018-05-31T00:00:00Z,9.800000,9.800000,9.800000,9.800000,0,reg,True,DKNG
688,2018-06-01T00:00:00Z,9.800000,9.800000,9.800000,9.800000,0,reg,True,DKNG
689,2018-06-04T00:00:00Z,9.800000,9.800000,9.800000,9.800000,0,reg,True,DKNG
690,2018-06-05T00:00:00Z,9.800000,9.800000,9.800000,9.800000,0,reg,True,DKNG
691,2018-06-06T00:00:00Z,9.800000,9.800000,9.800000,9.800000,0,reg,True,DKNG
692,2018-06-07T00:00:00Z,9.800000,9.800000,9.800000,9.800000,0,reg,True,DKNG
693,2018-06-08T00:00:00Z,9.800000,9.800000,9.800000,9.800000,0,reg,True,DKNG
694,2018-06-11T00:00:00Z,9.800000,9.800000,9.800000,9.800000,0,reg,True,DKNG
695,2018-06-12T00:00:00Z,9.800000,9.800000,9.800000,9.800000,0,reg,True,DKNG
696,2018-06-13T00:00:00Z,9.800000,9.800000,9.800000,9.800000,0,reg,True,DKNG
697,2018-06-14T00:00:00Z,9.800000,9.800000,9.800000,9.800000,0,reg,True,DKNG
698,2018-06-15T00:00:00Z,9.800000,9.800000,9.800000,9.800000,0,reg,True,DKNG
699,2018-06-18T00:00:00Z,9.800000,9.800000,9.800000,9.800000,0,reg,True,DKNG
700,2018-06-19T00:00:00Z,9.800000,9.800000,9.800000,9.800000,0,reg,True,DKNG
701,2018-06-20T00:00:00Z,9.800000,9.800000,9.800000,9.800000,0,reg,True,DKNG
702,2018-06-21T00:00:00Z,9.800000,9.800000,9.800000,9.800000,0,reg,True,DKNG
703,2018-06-22T00:00:00Z,9.800000,9.800000,9.800000,9.800000,0,reg,True,DKNG
704,2018-06-25T00:00:00Z,9.800000,9.800000,9.800000,9.800000,0,reg,True,DKNG
705,2018-06-26T00:00:00Z,9.800000,9.800000,9.800000,9.800000,0,reg,True,DKNG
706,2018-06-27T00:00:00Z,9.800000,9.800000,9.800000,9.800000,0,reg,True,DKNG
707,2018-06-28T00:00:00Z,9.800000,9.800000,9.800000,9.800000,0,reg,True,DKNG
708,2018-06-29T00:00:00Z,9.800000,9.800000,9.800000,9.800000,0,reg,True,DKNG
709,2018-07-02T00:00:00Z,9.800000,9.800000,9.800000,9.800000,0,reg,True,DKNG
710,2018-07-03T00:00:00Z,9.800000,9.800000,9.800000,9.800000,0,reg,True,DKNG
711,2018-07-05T00:00:00Z,9.800000,9.800000,9.800000,9.800000,0,reg,True,DKNG
712,2018-07-06T00:00:00Z,9.800000,9.800000,9.800000,9.800000,0,reg,True,DKNG
713,2018-07-09T00:00:00Z,9.800000,9.800000,9.800000,9.800000,0,reg,True,DKNG
714,2018-07-10T00:00:00Z,9.800000,9.800000,9.800000,9.800000,0,reg,True,DKNG
715,2018-07-11T00:00:00Z,9.800000,9.800000,9.800000,9.800000,0,reg,True,DKNG
716,2018-07-12T00:00:00Z,9.800000,9.800000,9.800000,9.800000,0,reg,True,DKNG
717,2018-07-13T00:00:00Z,9.800000,9.800000,9.800000,9.800000,0,reg,True,DKNG
718,2018-07-16T00:00:00Z,9.800000,9.800000,9.800000,9.800000,0,reg,True,DKNG
719,2018-07-17T00:00:00Z,9.800000,9.800000,9.800000,9.800000,0,reg,True,DKNG
720,2018-07-18T00:00:00Z,9.800000,9.800000,9.800000,9.800000,0,reg,True,DKNG
721,2018-07-19T00:00:00Z,9.800000,9.800000,9.800000,9.800000,0,reg,True,DKNG
722,2018-07-20T00:00:00Z,9.800000,9.800000,9.800000,9.800000,0,reg,True,DKNG
723,2018-07-23T00:00:00Z,9.800000,9.800000,9.800000,9.800000,0,reg,True,DKNG
724,2018-07-24T00:00:00Z,9.800000,9.800000,9.800000,9.800000,0,reg,True,DKNG
725,2018-07-25T00:00:00Z,9.800000,9.800000,9.800000,9.800000,0,reg,True,DKNG
726,2018-07-26T00:00:00Z,9.800000,9.800000,9.800000,9.800000,0,reg,True,DKNG
727,2018-07-27T00:00:00Z,9.800000,9.800000,9.800000,9.800000,0,reg,True,DKNG
728,2018-07-30T00:00:00Z,9.800000,9.800000,9.800000,9.800000,0,reg,True,DKNG
729,2018-07-31T00:00:00Z,9.800000,9.800000,9.800000,9.800000,0,reg,True,DKNG
730,2018-08-01T00:00:00Z,9.800000,9.800000,9.800000,9.800000,0,reg,True,DKNG
731,2018-08-02T00:00:00Z,9.800000,9.800000,9.800000,9.800000,0,reg,True,DKNG
732,2018-08-03T00:00:00Z,9.800000,9.800000,9.800000,9.800000,0,reg,True,DKNG
733,2018-08-06T00:00:00Z,9.800000,9.800000,9.800000,9.800000,0,reg,True,DKNG
734,2018-08-07T00:00:00Z,9.800000,9.800000,9.800000,9.800000,0,reg,True,DKNG
735,2018-08-08T00:00:00Z,9.800000,9.800000,9.800000,9.800000,0,reg,True,DKNG
736,2018-08-09T00:00:00Z,9.800000,9.800000,9.800000,9.800000,0,reg,True,DKNG
737,2018-08-10T00:00:00Z,9.800000,9.800000,9.800000,9.800000,0,reg,True,DKNG
738,2018-08-13T00:00:00Z,9.800000,9.800000,9.800000,9.800000,0,reg,True,DKNG
739,2018-08-14T00:00:00Z,9.800000,9.800000,9.800000,9.800000,0,reg,True,DKNG
740,2018-08-15T00:00:00Z,9.800000,9.800000,9.800000,9.800000,0,reg,True,DKNG
741,2018-08-16T00:00:00Z,9.800000,9.800000,9.800000,9.800000,0,reg,True,DKNG
742,2018-08-17T00:00:00Z,9.800000,9.800000,9.800000,9.800000,0,reg,True,DKNG
743,2018-08-20T00:00:00Z,9.800000,9.800000,9.800000,9.800000,0,reg,True,DKNG
744,2018-08-21T00:00:00Z,9.800000,9.800000,9.800000,9.800000,0,reg,True,DKNG
745,2018-08-22T00:00:00Z,9.800000,9.800000,9.800000,9.800000,0,reg,True,DKNG
746,2018-08-23T00:00:00Z,9.800000,9.800000,9.800000,9.800000,0,reg,True,DKNG
747,2018-08-24T00:00:00Z,9.800000,9.800000,9.800000,9.800000,0,reg,True,DKNG
748,2018-08-27T00:00:00Z,9.800000,9.800000,9.800000,9.800000,0,reg,True,DKNG
749,2018-08-28T00:00:00Z,9.800000,9.800000,9.800000,9.800000,0,reg,True,DKNG
750,2018-08-29T00:00:00Z,9.800000,9.800000,9.800000,9.800000,0,reg,True,DKNG
751,2018-08-30T00:00:00Z,9.800000,9.800000,9.800000,9.800000,0,reg,True,DKNG
752,2018-08-31T00:00:00Z,9.800000,9.800000,9.800000,9.800000,0,reg,True,DKNG
753,2018-09-04T00:00:00Z,9.800000,9.800000,9.800000,9.800000,0,reg,True,DKNG
754,2018-09-05T00:00:00Z,9.800000,9.800000,9.800000,9.800000,0,reg,True,DKNG
755,2018-09-06T00:00:00Z,9.800000,9.800000,9.800000,9.800000,0,reg,True,DKNG
756,2018-09-07T00:00:00Z,9.800000,9.800000,9.800000,9.800000,0,reg,True,DKNG
757,2018-09-10T00:00:00Z,9.800000,9.800000,9.800000,9.800000,0,reg,True,DKNG
758,2018-09-11T00:00:00Z,9.800000,9.800000,9.800000,9.800000,0,reg,True,DKNG
759,2018-09-12T00:00:00Z,9.800000,9.800000,9.800000,9.800000,0,reg,True,DKNG
760,2018-09-13T00:00:00Z,9.800000,9.800000,9.800000,9.800000,0,reg,True,DKNG
761,2018-09-14T00:00:00Z,9.800000,9.800000,9.800000,9.800000,0,reg,True,DKNG
762,2018-09-17T00:00:00Z,9.800000,9.800000,9.800000,9.800000,0,reg,True,DKNG
763,2018-09-18T00:00:00Z,9.800000,9.800000,9.800000,9.800000,0,reg,True,DKNG
764,2018-09-19T00:00:00Z,9.800000,9.800000,9.800000,9.800000,0,reg,True,DKNG
765,2018-09-20T00:00:00Z,9.800000,9.800000,9.800000,9.800000,0,reg,True,DKNG
766,2018-09-21T00:00:00Z,9.800000,9.800000,9.800000,9.800000,0,reg,True,DKNG
767,2018-09-24T00:00:00Z,9.800000,9.800000,9.800000,9.800000,0,reg,True,DKNG
768,2018-09-25T00:00:00Z,9.800000,9.800000,9.800000,9.800000,0,reg,True,DKNG
769,2018-09-26T00:00:00Z,9.800000,9.800000,9.800000,9.800000,0,reg,True,DKNG
770,2018-09-27T00:00:00Z,9.800000,9.800000,9.800000,9.800000,0,reg,True,DKNG
771,2018-09-28T00:00:00Z,9.800000,9.800000,9.800000,9.800000,0,reg,True,DKNG
772,2018-10-01T00:00:00Z,9.800000,9.800000,9.800000,9.800000,0,reg,True,DKNG
773,2018-10-02T00:00:00Z,9.800000,9.800000,9.800000,9.800000,0,reg,True,DKNG
774,2018-10-03T00:00:00Z,9.800000,9.800000,9.800000,9.800000,0,reg,True,DKNG
775,2018-10-04T00:00:00Z,9.800000,9.800000,9.800000,9.800000,0,reg,True,DKNG
776,2018-10-05T00:00:00Z,9.800000,9.800000,9.800000,9.800000,0,reg,True,DKNG
777,2018-10-08T00:00:00Z,9.800000,9.800000,9.800000,9.800000,0,reg,True,DKNG
778,2018-10-09T00:00:00Z,9.800000,9.800000,9.800000,9.800000,0,reg,True,DKNG
779,2018-10-10T00:00:00Z,9.800000,9.800000,9.800000,9.800000,0,reg,True,DKNG
780,2018-10-11T00:00:00Z,9.800000,9.800000,9.800000,9.800000,0,reg,True,DKNG
781,2018-10-12T00:00:00Z,9.800000,9.800000,9.800000,9.800000,0,reg,True,DKNG
782,2018-10-15T00:00:00Z,9.800000,9.800000,9.800000,9.800000,0,reg,True,DKNG
783,2018-10-16T00:00:00Z,9.800000,9.800000,9.800000,9.800000,0,reg,True,DKNG
784,2018-10-17T00:00:00Z,9.800000,9.800000,9.800000,9.800000,0,reg,True,DKNG
785,2018-10-18T00:00:00Z,9.800000,9.800000,9.800000,9.800000,0,reg,True,DKNG
786,2018-10-19T00:00:00Z,9.800000,9.800000,9.800000,9.800000,0,reg,True,DKNG
787,2018-10-22T00:00:00Z,9.800000,9.800000,9.800000,9.800000,0,reg,True,DKNG
788,2018-10-23T00:00:00Z,9.800000,9.800000,9.800000,9.800000,0,reg,True,DKNG
789,2018-10-24T00:00:00Z,9.800000,9.800000,9.800000,9.800000,0,reg,True,DKNG
790,2018-10-25T00:00:00Z,9.800000,9.800000,9.800000,9.800000,0,reg,True,DKNG
791,2018-10-26T00:00:00Z,9.800000,9.800000,9.800000,9.800000,0,reg,True,DKNG
792,2018-10-29T00:00:00Z,9.800000,9.800000,9.800000,9.800000,0,reg,True,DKNG
793,2018-10-30T00:00:00Z,9.800000,9.800000,9.800000,9.800000,0,reg,True,DKNG
794,2018-10-31T00:00:00Z,9.800000,9.800000,9.800000,9.800000,0,reg,True,DKNG
795,2018-11-01T00:00:00Z,9.800000,9.800000,9.800000,9.800000,0,reg,True,DKNG
796,2018-11-02T00:00:00Z,9.800000,9.800000,9.800000,9.800000,0,reg,True,DKNG
797,2018-11-05T00:00:00Z,9.800000,9.800000,9.800000,9.800000,0,reg,True,DKNG
798,2018-11-06T00:00:00Z,9.800000,9.800000,9.800000,9.800000,0,reg,True,DKNG
799,2018-11-07T00:00:00Z,9.800000,9.800000,9.800000,9.800000,0,reg,True,DKNG
800,2018-11-08T00:00:00Z,9.800000,9.800000,9.800000,9.800000,0,reg,True,DKNG
801,2018-11-09T00:00:00Z,9.800000,9.800000,9.800000,9.800000,0,reg,True,DKNG
802,2018-11-12T00:00:00Z,9.800000,9.800000,9.800000,9.800000,0,reg,True,DKNG
803,2018-11-13T00:00:00Z,9.800000,9.800000,9.800000,9.800000,0,reg,True,DKNG
804,2018-11-14T00:00:00Z,9.800000,9.800000,9.800000,9.800000,0,reg,True,DKNG
805,2018-11-15T00:00:00Z,9.800000,9.800000,9.800000,9.800000,0,reg,True,DKNG
806,2018-11-16T00:00:00Z,9.800000,9.800000,9.800000,9.800000,0,reg,True,DKNG
807,2018-11-19T00:00:00Z,9.800000,9.800000,9.800000,9.800000,0,reg,True,DKNG
808,2018-11-20T00:00:00Z,9.800000,9.800000,9.800000,9.800000,0,reg,True,DKNG
809,2018-11-21T00:00:00Z,9.800000,9.800000,9.800000,9.800000,0,reg,True,DKNG
810,2018-11-23T00:00:00Z,9.800000,9.800000,9.800000,9.800000,0,reg,True,DKNG
811,2018-11-26T00:00:00Z,9.800000,9.800000,9.800000,9.800000,0,reg,True,DKNG
812,2018-11-27T00:00:00Z,9.800000,9.800000,9.800000,9.800000,0,reg,True,DKNG
813,2018-11-28T00:00:00Z,9.800000,9.800000,9.800000,9.800000,0,reg,True,DKNG
814,2018-11-29T00:00:00Z,9.800000,9.800000,9.800000,9.800000,0,reg,True,DKNG
815,2018-11-30T00:00:00Z,9.800000,9.800000,9.800000,9.800000,0,reg,True,DKNG
816,2018-12-03T00:00:00Z,9.800000,9.800000,9.800000,9.800000,0,reg,True,DKNG
817,2018-12-04T00:00:00Z,9.800000,9.800000,9.800000,9.800000,0,reg,True,DKNG
818,2018-12-05T00:00:00Z,9.800000,9.800000,9.800000,9.800000,0,reg,True,DKNG
819,2018-12-06T00:00:00Z,9.800000,9.800000,9.800000,9.800000,0,reg,True,DKNG
820,2018-12-07T00:00:00Z,9.800000,9.800000,9.800000,9.800000,0,reg,True,DKNG
821,2018-12-10T00:00:00Z,9.800000,9.800000,9.800000,9.800000,0,reg,True,DKNG
822,2018-12-11T00:00:00Z,9.800000,9.800000,9.800000,9.800000,0,reg,True,DKNG
823,2018-12-12T00:00:00Z,9.800000,9.800000,9.800000,9.800000,0,reg,True,DKNG
824,2018-12-13T00:00:00Z,9.800000,9.800000,9.800000,9.800000,0,reg,True,DKNG
825,2018-12-14T00:00:00Z,9.800000,9.800000,9.800000,9.800000,0,reg,True,DKNG
826,2018-12-17T00:00:00Z,9.800000,9.800000,9.800000,9.800000,0,reg,True,DKNG
827,2018-12-18T00:00:00Z,9.800000,9.800000,9.800000,9.800000,0,reg,True,DKNG
828,2018-12-19T00:00:00Z,9.800000,9.800000,9.800000,9.800000,0,reg,True,DKNG
829,2018-12-20T00:00:00Z,9.800000,9.800000,9.800000,9.800000,0,reg,True,DKNG
830,2018-12-21T00:00:00Z,9.800000,9.800000,9.800000,9.800000,0,reg,True,DKNG
831,2018-12-24T00:00:00Z,9.800000,9.800000,9.800000,9.800000,0,reg,True,DKNG
832,2018-12-26T00:00:00Z,9.800000,9.800000,9.800000,9.800000,0,reg,True,DKNG
833,2018-12-27T00:00:00Z,9.800000,9.800000,9.800000,9.800000,0,reg,True,DKNG
834,2018-12-28T00:00:00Z,9.800000,9.800000,9.800000,9.800000,0,reg,True,DKNG
835,2018-12-31T00:00:00Z,9.800000,9.800000,9.800000,9.800000,0,reg,True,DKNG
836,2019-01-02T00:00:00Z,9.800000,9.800000,9.800000,9.800000,0,reg,True,DKNG
837,2019-01-03T00:00:00Z,9.800000,9.800000,9.800000,9.800000,0,reg,True,DKNG
838,2019-01-04T00:00:00Z,9.800000,9.800000,9.800000,9.800000,0,reg,True,DKNG
839,2019-01-07T00:00:00Z,9.800000,9.800000,9.800000,9.800000,0,reg,True,DKNG
840,2019-01-08T00:00:00Z,9.800000,9.800000,9.800000,9.800000,0,reg,True,DKNG
841,2019-01-09T00:00:00Z,9.800000,9.800000,9.800000,9.800000,0,reg,True,DKNG
842,2019-01-10T00:00:00Z,9.800000,9.800000,9.800000,9.800000,0,reg,True,DKNG
843,2019-01-11T00:00:00Z,9.800000,9.800000,9.800000,9.800000,0,reg,True,DKNG
844,2019-01-14T00:00:00Z,9.800000,9.800000,9.800000,9.800000,0,reg,True,DKNG
845,2019-01-15T00:00:00Z,9.800000,9.800000,9.800000,9.800000,0,reg,True,DKNG
846,2019-01-16T00:00:00Z,9.800000,9.800000,9.800000,9.800000,0,reg,True,DKNG
847,2019-01-17T00:00:00Z,9.800000,9.800000,9.800000,9.800000,0,reg,True,DKNG
848,2019-01-18T00:00:00Z,9.800000,9.800000,9.800000,9.800000,0,reg,True,DKNG
849,2019-01-22T00:00:00Z,9.800000,9.800000,9.800000,9.800000,0,reg,True,DKNG
850,2019-01-23T00:00:00Z,9.800000,9.800000,9.800000,9.800000,0,reg,True,DKNG
851,2019-01-24T00:00:00Z,9.800000,9.800000,9.800000,9.800000,0,reg,True,DKNG
852,2019-01-25T00:00:00Z,9.800000,9.800000,9.800000,9.800000,0,reg,True,DKNG
853,2019-01-28T00:00:00Z,9.800000,9.800000,9.800000,9.800000,0,reg,True,DKNG
854,2019-01-29T00:00:00Z,9.800000,9.800000,9.800000,9.800000,0,reg,True,DKNG
855,2019-01-30T00:00:00Z,9.800000,9.800000,9.800000,9.800000,0,reg,True,DKNG
856,2019-01-31T00:00:00Z,9.800000,9.800000,9.800000,9.800000,0,reg,True,DKNG
857,2019-02-01T00:00:00Z,9.800000,9.800000,9.800000,9.800000,0,reg,True,DKNG
858,2019-02-04T00:00:00Z,9.800000,9.800000,9.800000,9.800000,0,reg,True,DKNG
859,2019-02-05T00:00:00Z,9.800000,9.800000,9.800000,9.800000,0,reg,True,DKNG
860,2019-02-06T00:00:00Z,9.800000,9.800000,9.800000,9.800000,0,reg,True,DKNG
861,2019-02-07T00:00:00Z,9.800000,9.800000,9.800000,9.800000,0,reg,True,DKNG
862,2019-02-08T00:00:00Z,9.800000,9.800000,9.800000,9.800000,0,reg,True,DKNG
863,2019-02-11T00:00:00Z,9.800000,9.800000,9.800000,9.800000,0,reg,True,DKNG
864,2019-02-12T00:00:00Z,9.800000,9.800000,9.800000,9.800000,0,reg,True,DKNG
865,2019-02-13T00:00:00Z,9.800000,9.800000,9.800000,9.800000,0,reg,True,DKNG
866,2019-02-14T00:00:00Z,9.800000,9.800000,9.800000,9.800000,0,reg,True,DKNG
867,2019-02-15T00:00:00Z,9.800000,9.800000,9.800000,9.800000,0,reg,True,DKNG
868,2019-02-19T00:00:00Z,9.800000,9.800000,9.800000,9.800000,0,reg,True,DKNG
869,2019-02-20T00:00:00Z,9.800000,9.800000,9.800000,9.800000,0,reg,True,DKNG
870,2019-02-21T00:00:00Z,9.800000,9.800000,9.800000,9.800000,0,reg,True,DKNG
871,2019-02-22T00:00:00Z,9.800000,9.800000,9.800000,9.800000,0,reg,True,DKNG
872,2019-02-25T00:00:00Z,9.800000,9.800000,9.800000,9.800000,0,reg,True,DKNG
873,2019-02-26T00:00:00Z,9.800000,9.800000,9.800000,9.800000,0,reg,True,DKNG
874,2019-02-27T00:00:00Z,9.800000,9.800000,9.800000,9.800000,0,reg,True,DKNG
875,2019-02-28T00:00:00Z,9.800000,9.800000,9.800000,9.800000,0,reg,True,DKNG
876,2019-03-01T00:00:00Z,9.800000,9.800000,9.800000,9.800000,0,reg,True,DKNG
877,2019-03-04T00:00:00Z,9.800000,9.800000,9.800000,9.800000,0,reg,True,DKNG
878,2019-03-05T00:00:00Z,9.800000,9.800000,9.800000,9.800000,0,reg,True,DKNG
879,2019-03-06T00:00:00Z,9.800000,9.800000,9.800000,9.800000,0,reg,True,DKNG
880,2019-03-07T00:00:00Z,9.800000,9.800000,9.800000,9.800000,0,reg,True,DKNG
881,2019-03-08T00:00:00Z,9.800000,9.800000,9.800000,9.800000,0,reg,True,DKNG
882,2019-03-11T00:00:00Z,9.800000,9.800000,9.800000,9.800000,0,reg,True,DKNG
883,2019-03-12T00:00:00Z,9.800000,9.800000,9.800000,9.800000,0,reg,True,DKNG
884,2019-03-13T00:00:00Z,9.800000,9.800000,9.800000,9.800000,0,reg,True,DKNG
885,2019-03-14T00:00:00Z,9.800000,9.800000,9.800000,9.800000,0,reg,True,DKNG
886,2019-03-15T00:00:00Z,9.800000,9.800000,9.800000,9.800000,0,reg,True,DKNG
887,2019-03-18T00:00:00Z,9.800000,9.800000,9.800000,9.800000,0,reg,True,DKNG
888,2019-03-19T00:00:00Z,9.800000,9.800000,9.800000,9.800000,0,reg,True,DKNG
889,2019-03-20T00:00:00Z,9.800000,9.800000,9.800000,9.800000,0,reg,True,DKNG
890,2019-03-21T00:00:00Z,9.800000,9.800000,9.800000,9.800000,0,reg,True,DKNG
891,2019-03-22T00:00:00Z,9.800000,9.800000,9.800000,9.800000,0,reg,True,DKNG
892,2019-03-25T00:00:00Z,9.800000,9.800000,9.800000,9.800000,0,reg,True,DKNG
893,2019-03-26T00:00:00Z,9.800000,9.800000,9.800000,9.800000,0,reg,True,DKNG
894,2019-03-27T00:00:00Z,9.800000,9.800000,9.800000,9.800000,0,reg,True,DKNG
895,2019-03-28T00:00:00Z,9.800000,9.800000,9.800000,9.800000,0,reg,True,DKNG
896,2019-03-29T00:00:00Z,9.800000,9.800000,9.800000,9.800000,0,reg,True,DKNG
897,2019-04-01T00:00:00Z,9.800000,9.800000,9.800000,9.800000,0,reg,True,DKNG
898,2019-04-02T00:00:00Z,9.800000,9.800000,9.800000,9.800000,0,reg,True,DKNG
899,2019-04-03T00:00:00Z,9.800000,9.800000,9.800000,9.800000,0,reg,True,DKNG
900,2019-04-04T00:00:00Z,9.800000,9.800000,9.800000,9.800000,0,reg,True,DKNG
901,2019-04-05T00:00:00Z,9.800000,9.800000,9.800000,9.800000,0,reg,True,DKNG
902,2019-04-08T00:00:00Z,9.800000,9.800000,9.800000,9.800000,0,reg,True,DKNG
903,2019-04-09T00:00:00Z,9.800000,9.800000,9.800000,9.800000,0,reg,True,DKNG
904,2019-04-10T00:00:00Z,9.800000,9.800000,9.800000,9.800000,0,reg,True,DKNG
905,2019-04-11T00:00:00Z,9.800000,9.800000,9.800000,9.800000,0,reg,True,DKNG
906,2019-04-12T00:00:00Z,9.800000,9.800000,9.800000,9.800000,0,reg,True,DKNG
907,2019-04-15T00:00:00Z,9.800000,9.800000,9.800000,9.800000,0,reg,True,DKNG
908,2019-04-16T00:00:00Z,9.800000,9.800000,9.800000,9.800000,0,reg,True,DKNG
909,2019-04-17T00:00:00Z,9.800000,9.800000,9.800000,9.800000,0,reg,True,DKNG
910,2019-04-18T00:00:00Z,9.800000,9.800000,9.800000,9.800000,0,reg,True,DKNG
911,2019-04-22T00:00:00Z,9.800000,9.800000,9.800000,9.800000,0,reg,True,DKNG
912,2019-04-23T00:00:00Z,9.800000,9.800000,9.800000,9.800000,0,reg,True,DKNG
913,2019-04-24T00:00:00Z,9.800000,9.800000,9.800000,9.800000,0,reg,True,DKNG
914,2019-04-25T00:00:00Z,9.800000,9.800000,9.800000,9.800000,0,reg,True,DKNG
915,2019-04-26T00:00:00Z,9.800000,9.800000,9.800000,9.800000,0,reg,True,DKNG
916,2019-04-29T00:00:00Z,9.800000,9.800000,9.800000,9.800000,0,reg,True,DKNG
917,2019-04-30T00:00:00Z,9.800000,9.800000,9.800000,9.800000,0,reg,True,DKNG
918,2019-05-01T00:00:00Z,9.800000,9.800000,9.800000,9.800000,0,reg,True,DKNG
919,2019-05-02T00:00:00Z,9.800000,9.800000,9.800000,9.800000,0,reg,True,DKNG
920,2019-05-03T00:00:00Z,9.800000,9.800000,9.800000,9.800000,0,reg,True,DKNG
921,2019-05-06T00:00:00Z,9.800000,9.800000,9.800000,9.800000,0,reg,True,DKNG
922,2019-05-07T00:00:00Z,9.800000,9.800000,9.800000,9.800000,0,reg,True,DKNG
923,2019-05-08T00:00:00Z,9.800000,9.800000,9.800000,9.800000,0,reg,True,DKNG
924,2019-05-09T00:00:00Z,9.800000,9.800000,9.800000,9.800000,0,reg,True,DKNG
925,2019-05-10T00:00:00Z,9.800000,9.800000,9.800000,9.800000,0,reg,True,DKNG
926,2019-05-13T00:00:00Z,9.800000,9.800000,9.800000,9.800000,0,reg,True,DKNG
927,2019-05-14T00:00:00Z,9.800000,9.800000,9.800000,9.800000,0,reg,True,DKNG
928,2019-05-15T00:00:00Z,9.800000,9.800000,9.800000,9.800000,0,reg,True,DKNG
929,2019-05-16T00:00:00Z,9.800000,9.800000,9.800000,9.800000,0,reg,True,DKNG
930,2019-05-17T00:00:00Z,9.800000,9.800000,9.800000,9.800000,0,reg,True,DKNG
931,2019-05-20T00:00:00Z,9.800000,9.800000,9.800000,9.800000,0,reg,True,DKNG
932,2019-05-21T00:00:00Z,9.800000,9.800000,9.800000,9.800000,0,reg,True,DKNG
933,2019-05-22T00:00:00Z,9.800000,9.800000,9.800000,9.800000,0,reg,True,DKNG
934,2019-05-23T00:00:00Z,9.800000,9.800000,9.800000,9.800000,0,reg,True,DKNG
935,2019-05-24T00:00:00Z,9.800000,9.800000,9.800000,9.800000,0,reg,True,DKNG
936,2019-05-28T00:00:00Z,9.800000,9.800000,9.800000,9.800000,0,reg,True,DKNG
937,2019-05-29T00:00:00Z,9.800000,9.800000,9.800000,9.800000,0,reg,True,DKNG
938,2019-05-30T00:00:00Z,9.800000,9.800000,9.800000,9.800000,0,reg,True,DKNG
939,2019-05-31T00:00:00Z,9.800000,9.800000,9.800000,9.800000,0,reg,True,DKNG
940,2019-06-03T00:00:00Z,9.800000,9.800000,9.800000,9.800000,0,reg,True,DKNG
941,2019-06-04T00:00:00Z,9.800000,9.800000,9.800000,9.800000,0,reg,True,DKNG
942,2019-06-05T00:00:00Z,9.800000,9.800000,9.800000,9.800000,0,reg,True,DKNG
943,2019-06-06T00:00:00Z,9.800000,9.800000,9.800000,9.800000,0,reg,True,DKNG
944,2019-06-07T00:00:00Z,9.800000,9.800000,9.800000,9.800000,0,reg,True,DKNG
945,2019-06-10T00:00:00Z,9.800000,9.800000,9.800000,9.800000,0,reg,True,DKNG
946,2019-06-11T00:00:00Z,9.800000,9.800000,9.800000,9.800000,0,reg,True,DKNG
947,2019-06-12T00:00:00Z,9.800000,9.800000,9.800000,9.800000,0,reg,True,DKNG
948,2019-06-13T00:00:00Z,9.800000,9.800000,9.800000,9.800000,0,reg,True,DKNG
949,2019-06-14T00:00:00Z,9.800000,9.800000,9.800000,9.800000,0,reg,True,DKNG
950,2019-06-17T00:00:00Z,9.800000,9.800000,9.800000,9.800000,0,reg,True,DKNG
951,2019-06-18T00:00:00Z,9.800000,9.800000,9.800000,9.800000,0,reg,True,DKNG
952,2019-06-19T00:00:00Z,9.800000,9.800000,9.800000,9.800000,0,reg,True,DKNG
953,2019-06-20T00:00:00Z,9.800000,9.800000,9.800000,9.800000,0,reg,True,DKNG
954,2019-06-21T00:00:00Z,9.800000,9.800000,9.800000,9.800000,0,reg,True,DKNG
955,2019-06-24T00:00:00Z,9.800000,9.800000,9.800000,9.800000,0,reg,True,DKNG
956,2019-06-25T00:00:00Z,9.800000,9.800000,9.800000,9.800000,0,reg,True,DKNG
957,2019-06-26T00:00:00Z,9.800000,9.800000,9.800000,9.800000,0,reg,True,DKNG
958,2019-06-27T00:00:00Z,9.800000,9.800000,9.800000,9.800000,0,reg,True,DKNG
959,2019-06-28T00:00:00Z,9.800000,9.800000,9.800000,9.800000,0,reg,True,DKNG
960,2019-07-01T00:00:00Z,9.800000,9.800000,9.800000,9.800000,0,reg,True,DKNG
961,2019-07-02T00:00:00Z,9.800000,9.800000,9.800000,9.800000,0,reg,True,DKNG
962,2019-07-03T00:00:00Z,9.800000,9.800000,9.800000,9.800000,0,reg,True,DKNG
963,2019-07-05T00:00:00Z,9.800000,9.800000,9.800000,9.800000,0,reg,True,DKNG
964,2019-07-08T00:00:00Z,9.800000,9.800000,9.800000,9.800000,0,reg,True,DKNG
965,2019-07-09T00:00:00Z,9.800000,9.800000,9.800000,9.800000,0,reg,True,DKNG
966,2019-07-10T00:00:00Z,9.800000,9.800000,9.800000,9.800000,0,reg,True,DKNG
967,2019-07-11T00:00:00Z,9.800000,9.800000,9.800000,9.800000,0,reg,True,DKNG
968,2019-07-12T00:00:00Z,9.800000,9.800000,9.800000,9.800000,0,reg,True,DKNG
969,2019-07-15T00:00:00Z,9.800000,9.800000,9.800000,9.800000,0,reg,True,DKNG
970,2019-07-16T00:00:00Z,9.800000,9.800000,9.800000,9.800000,0,reg,True,DKNG
971,2019-07-17T00:00:00Z,9.800000,9.800000,9.800000,9.800000,0,reg,True,DKNG
972,2019-07-18T00:00:00Z,9.800000,9.800000,9.800000,9.800000,0,reg,True,DKNG
973,2019-07-19T00:00:00Z,9.800000,9.800000,9.800000,9.800000,0,reg,True,DKNG
974,2019-07-22T00:00:00Z,9.800000,9.800000,9.800000,9.800000,0,reg,True,DKNG
975,2019-07-23T00:00:00Z,9.800000,9.800000,9.800000,9.800000,0,reg,True,DKNG
976,2019-07-24T00:00:00Z,9.800000,9.800000,9.800000,9.800000,0,reg,True,DKNG
977,2019-07-25T00:00:00Z,9.800000,9.800000,9.800000,9.800000,100,reg,False,DKNG
978,2019-07-26T00:00:00Z,9.800000,9.800000,9.800000,9.800000,0,reg,True,DKNG
979,2019-07-29T00:00:00Z,9.800000,9.800000,9.800000,9.800000,0,reg,True,DKNG
980,2019-07-30T00:00:00Z,9.800000,9.800000,9.800000,9.800000,0,reg,True,DKNG
981,2019-07-31T00:00:00Z,9.800000,9.800000,9.800000,9.800000,0,reg,True,DKNG
982,2019-08-01T00:00:00Z,9.800000,9.800000,9.800000,9.800000,0,reg,True,DKNG
983,2019-08-02T00:00:00Z,9.800000,9.800000,9.800000,9.800000,0,reg,True,DKNG
984,2019-08-05T00:00:00Z,9.800000,9.800000,9.800000,9.800000,0,reg,True,DKNG
985,2019-08-06T00:00:00Z,9.800000,9.800000,9.800000,9.800000,0,reg,True,DKNG
986,2019-08-07T00:00:00Z,9.760000,9.760000,9.760000,9.760000,150000,reg,False,DKNG
987,2019-08-08T00:00:00Z,9.760000,9.760000,9.760000,9.760000,0,reg,True,DKNG
988,2019-08-09T00:00:00Z,9.760000,9.760000,9.760000,9.760000,0,reg,True,DKNG
989,2019-08-12T00:00:00Z,9.760000,9.760000,9.760000,9.760000,0,reg,True,DKNG
990,2019-08-13T00:00:00Z,9.770000,9.780000,9.780000,9.770000,320000,reg,False,DKNG
991,2019-08-14T00:00:00Z,9.780000,9.780000,9.780000,9.780000,0,reg,True,DKNG
992,2019-08-15T00:00:00Z,9.780000,9.780000,9.780000,9.780000,0,reg,True,DKNG
993,2019-08-16T00:00:00Z,9.780000,9.780000,9.780000,9.780000,0,reg,True,DKNG
994,2019-08-19T00:00:00Z,9.780000,9.780000,9.780000,9.780000,0,reg,True,DKNG
995,2019-08-20T00:00:00Z,9.840000,9.850000,9.850000,9.840000,1001,reg,False,DKNG
996,2019-08-21T00:00:00Z,9.850000,9.850000,9.850000,9.850000,0,reg,True,DKNG
997,2019-08-22T00:00:00Z,9.850000,9.850000,9.850000,9.850000,0,reg,True,DKNG
998,2019-08-23T00:00:00Z,9.850000,9.850000,9.850000,9.850000,0,reg,True,DKNG
999,2019-08-26T00:00:00Z,9.850000,9.850000,9.850000,9.850000,0,reg,True,DKNG
1000,2019-08-27T00:00:00Z,9.850000,9.850000,9.850000,9.850000,99099,reg,False,DKNG
1001,2019-08-28T00:00:00Z,9.850000,9.850000,9.850000,9.850000,97388,reg,False,DKNG
1002,2019-08-29T00:00:00Z,9.850000,9.850000,9.850000,9.850000,0,reg,True,DKNG
1003,2019-08-30T00:00:00Z,9.850000,9.850000,9.850000,9.850000,0,reg,True,DKNG
1004,2019-09-03T00:00:00Z,9.850000,9.850000,9.850000,9.850000,0,reg,True,DKNG
1005,2019-09-04T00:00:00Z,9.850000,9.850000,9.850000,9.850000,0,reg,True,DKNG
1006,2019-09-05T00:00:00Z,9.850000,9.850000,9.850000,9.850000,0,reg,True,DKNG
1007,2019-09-06T00:00:00Z,9.850000,9.850000,9.850000,9.850000,0,reg,True,DKNG
1008,2019-09-09T00:00:00Z,9.850000,9.850000,9.850000,9.850000,0,reg,True,DKNG
1009,2019-09-10T00:00:00Z,9.850000,9.850000,9.850000,9.850000,0,reg,True,DKNG
1010,2019-09-11T00:00:00Z,9.850000,9.850000,9.850000,9.850000,0,reg,True,DKNG
1011,2019-09-12T00:00:00Z,9.850000,9.850000,9.850000,9.850000,0,reg,True,DKNG
1012,2019-09-13T00:00:00Z,9.850000,9.850000,9.850000,9.850000,0,reg,True,DKNG
1013,2019-09-16T00:00:00Z,9.850000,9.850000,9.850000,9.850000,0,reg,True,DKNG
1014,2019-09-17T00:00:00Z,9.850000,9.850000,9.850000,9.850000,0,reg,True,DKNG
1015,2019-09-18T00:00:00Z,9.850000,9.900000,9.920000,9.850000,88755,reg,False,DKNG
1016,2019-09-19T00:00:00Z,9.900000,9.900000,9.900000,9.900000,0,reg,True,DKNG
1017,2019-09-20T00:00:00Z,9.840000,9.850000,9.850000,9.840000,290000,reg,False,DKNG
1018,2019-09-23T00:00:00Z,9.850000,9.850000,9.850000,9.850000,0,reg,True,DKNG
1019,2019-09-24T00:00:00Z,9.850000,9.850000,9.850000,9.850000,26503,reg,False,DKNG
1020,2019-09-25T00:00:00Z,9.850000,9.850000,9.850000,9.850000,0,reg,True,DKNG
1021,2019-09-26T00:00:00Z,9.850000,9.850000,9.850000,9.850000,25000,reg,False,DKNG
1022,2019-09-27T00:00:00Z,9.850000,9.850000,9.850000,9.850000,0,reg,True,DKNG
1023,2019-09-30T00:00:00Z,9.850000,9.850000,9.850000,9.850000,0,reg,True,DKNG
1024,2019-10-01T00:00:00Z,9.906000,9.920000,9.920000,9.906000,2500,reg,False,DKNG
1025,2019-10-02T00:00:00Z,9.920000,9.920000,9.920000,9.920000,0,reg,True,DKNG
1026,2019-10-03T00:00:00Z,9.890000,9.890000,9.890000,9.890000,100000,reg,False,DKNG
1027,2019-10-04T00:00:00Z,9.920000,9.920000,9.920000,9.895500,900,reg,False,DKNG
1028,2019-10-07T00:00:00Z,9.920000,9.920000,9.920000,9.920000,0,reg,True,DKNG
1029,2019-10-08T00:00:00Z,9.920000,9.920000,9.920000,9.920000,0,reg,True,DKNG
1030,2019-10-09T00:00:00Z,9.920000,9.920000,9.920000,9.920000,35800,reg,False,DKNG
1031,2019-10-10T00:00:00Z,9.920000,9.920000,9.920000,9.920000,0,reg,True,DKNG
1032,2019-10-11T00:00:00Z,9.920000,9.920000,9.920000,9.920000,0,reg,True,DKNG
1033,2019-10-14T00:00:00Z,9.920000,9.920000,9.920000,9.920000,0,reg,True,DKNG
1034,2019-10-15T00:00:00Z,9.850000,9.950000,9.950000,9.850000,6161,reg,False,DKNG
1035,2019-10-16T00:00:00Z,9.850000,9.926000,9.950000,9.850000,706298,reg,False,DKNG
1036,2019-10-17T00:00:00Z,9.900000,9.950000,9.950000,9.900000,151000,reg,False,DKNG
1037,2019-10-18T00:00:00Z,9.950000,9.950000,9.950000,9.900000,10400,reg,False,DKNG
1038,2019-10-21T00:00:00Z,9.950000,9.923900,9.950000,9.900000,32700,reg,False,DKNG
1039,2019-10-22T00:00:00Z,9.900100,9.870000,9.900100,9.870000,279900,reg,False,DKNG
1040,2019-10-23T00:00:00Z,9.870000,9.870000,9.870000,9.870000,0,reg,True,DKNG
1041,2019-10-24T00:00:00Z,9.870000,9.870000,9.870000,9.870000,0,reg,True,DKNG
1042,2019-10-25T00:00:00Z,9.850000,9.850000,9.850000,9.850000,100000,reg,False,DKNG
1043,2019-10-28T00:00:00Z,9.850000,9.850000,9.850000,9.850000,0,reg,True,DKNG
1044,2019-10-29T00:00:00Z,9.930000,9.930000,9.930000,9.930000,17500,reg,False,DKNG
1045,2019-10-30T00:00:00Z,9.900000,9.880900,9.912100,9.850100,8930,reg,False,DKNG
1046,2019-10-31T00:00:00Z,10.150000,10.080000,10.150000,10.070000,1698182,reg,False,DKNG
1047,2019-11-01T00:00:00Z,10.100000,10.080000,10.132000,10.080000,32827,reg,False,DKNG
1048,2019-11-04T00:00:00Z,10.090000,10.090000,10.090000,10.060000,246502,reg,False,DKNG
1049,2019-11-05T00:00:00Z,10.070000,10.090000,10.090000,10.060000,10142,reg,False,DKNG
1050,2019-11-06T00:00:00Z,10.070100,10.050000,10.100000,10.050000,137693,reg,False,DKNG
1051,2019-11-07T00:00:00Z,10.070000,10.080000,10.100000,10.040000,18457,reg,False,DKNG
1052,2019-11-08T00:00:00Z,10.075000,10.100000,10.100000,10.070000,1610,reg,False,DKNG
1053,2019-11-11T00:00:00Z,10.088800,10.086400,10.088800,10.086400,605,reg,False,DKNG
1054,2019-11-12T00:00:00Z,10.086400,10.086400,10.086400,10.086400,0,reg,True,DKNG
1055,2019-11-13T00:00:00Z,10.086400,10.086400,10.086400,10.086400,0,reg,True,DKNG
1056,2019-11-14T00:00:00Z,10.050000,10.090000,10.100000,10.040000,2011320,reg,False,DKNG
1057,2019-11-15T00:00:00Z,10.090000,10.090000,10.090000,10.090000,0,reg,True,DKNG
1058,2019-11-18T00:00:00Z,10.050000,10.040000,10.090000,10.040000,16903,reg,False,DKNG
1059,2019-11-19T00:00:00Z,10.040000,10.040000,10.040000,10.040000,0,reg,True,DKNG
1060,2019-11-20T00:00:00Z,10.042700,10.042700,10.042700,10.042700,102,reg,False,DKNG
1061,2019-11-21T00:00:00Z,10.042700,10.042700,10.042700,10.042700,0,reg,True,DKNG
1062,2019-11-22T00:00:00Z,10.042700,10.042700,10.042700,10.042700,0,reg,True,DKNG
1063,2019-11-25T00:00:00Z,10.090000,10.040000,10.090000,10.040000,255327,reg,False,DKNG
1064,2019-11-26T00:00:00Z,10.090000,10.040000,10.090000,10.040000,96847,reg,False,DKNG
1065,2019-11-27T00:00:00Z,10.040000,10.050000,10.061800,10.040000,168582,reg,False,DKNG
1066,2019-11-29T00:00:00Z,10.050000,10.050000,10.050000,10.050000,0,reg,True,DKNG
1067,2019-12-02T00:00:00Z,10.080000,10.075000,10.080000,10.075000,250,reg,False,DKNG
1068,2019-12-03T00:00:00Z,10.075000,10.075000,10.075000,10.075000,0,reg,True,DKNG
1069,2019-12-04T00:00:00Z,10.075000,10.075000,10.075000,10.075000,0,reg,True,DKNG
1070,2019-12-05T00:00:00Z,10.060000,10.060000,10.060000,10.060000,100015,reg,False,DKNG
1071,2019-12-06T00:00:00Z,10.060000,10.065200,10.065200,10.060000,2000,reg,False,DKNG
1072,2019-12-09T00:00:00Z,10.083900,10.060000,10.083900,10.060000,7789,reg,False,DKNG
1073,2019-12-10T00:00:00Z,10.090000,10.090000,10.090000,10.090000,10000,reg,False,DKNG
1074,2019-12-11T00:00:00Z,10.083500,10.080000,10.083500,10.080000,2003,reg,False,DKNG
1075,2019-12-12T00:00:00Z,10.074400,10.074400,10.074400,10.074400,999,reg,False,DKNG
1076,2019-12-13T00:00:00Z,10.090000,10.090000,10.090000,10.090000,125019,reg,False,DKNG
1077,2019-12-16T00:00:00Z,10.080000,10.080000,10.090000,10.080000,24400,reg,False,DKNG
1078,2019-12-17T00:00:00Z,10.100000,10.090000,10.100000,10.086400,22180,reg,False,DKNG
1079,2019-12-18T00:00:00Z,10.100000,10.140000,10.150000,10.090000,225565,reg,False,DKNG
1080,2019-12-19T00:00:00Z,10.150000,10.180000,10.307300,10.150000,292045,reg,False,DKNG
1081,2019-12-20T00:00:00Z,10.190000,10.170000,10.190000,10.170000,8206,reg,False,DKNG
1082,2019-12-23T00:00:00Z,10.800000,10.840000,10.850000,10.660000,9818686,reg,False,DKNG
1083,2019-12-24T00:00:00Z,11.000000,10.840000,11.040000,10.820000,2934406,reg,False,DKNG
1084,2019-12-26T00:00:00Z,10.950000,10.740000,10.950000,10.720000,1304599,reg,False,DKNG
1085,2019-12-27T00:00:00Z,10.750000,10.680000,10.800000,10.600000,544920,reg,False,DKNG
1086,2019-12-30T00:00:00Z,10.700000,10.640000,10.700000,10.610000,832164,reg,False,DKNG
1087,2019-12-31T00:00:00Z,10.690000,10.700000,10.800000,10.590000,564841,reg,False,DKNG
1088,2020-01-02T00:00:00Z,10.790000,10.680000,10.800000,10.650000,1194114,reg,False,DKNG
1089,2020-01-03T00:00:00Z,10.660000,10.680000,10.750000,10.610000,467593,reg,False,DKNG
1090,2020-01-06T00:00:00Z,10.750000,10.800000,10.900000,10.691700,2184115,reg,False,DKNG
1091,2020-01-07T00:00:00Z,10.890000,10.900000,10.950000,10.870000,1986202,reg,False,DKNG
1092,2020-01-08T00:00:00Z,10.940000,11.260000,11.350000,10.884400,2955924,reg,False,DKNG
1093,2020-01-09T00:00:00Z,11.430000,12.250000,12.390000,11.340000,8280190,reg,False,DKNG
1094,2020-01-10T00:00:00Z,12.410000,12.390000,12.630000,11.982300,2374859,reg,False,DKNG
1095,2020-01-13T00:00:00Z,12.610000,12.000000,12.640000,11.550000,1674051,reg,False,DKNG
1096,2020-01-14T00:00:00Z,12.140000,11.940000,12.280000,11.820000,594889,reg,False,DKNG
1097,2020-01-15T00:00:00Z,12.000000,12.700000,13.000000,11.990000,3258229,reg,False,DKNG
1098,2020-01-16T00:00:00Z,13.110000,12.990000,13.440000,12.940000,5473097,reg,False,DKNG
1099,2020-01-17T00:00:00Z,13.230000,13.570000,13.670000,12.760000,3487880,reg,False,DKNG
1100,2020-01-21T00:00:00Z,13.830000,13.830000,14.500000,13.320000,3281904,reg,False,DKNG
1101,2020-01-22T00:00:00Z,14.000000,14.270000,14.390000,13.720000,2341783,reg,False,DKNG
1102,2020-01-23T00:00:00Z,14.470000,14.440000,14.600000,14.110000,2901059,reg,False,DKNG
1103,2020-01-24T00:00:00Z,14.600000,14.360000,14.717300,14.160000,1823347,reg,False,DKNG
1104,2020-01-27T00:00:00Z,14.590000,15.000000,15.140000,14.350000,4655284,reg,False,DKNG
1105,2020-01-28T00:00:00Z,15.350000,15.080000,15.750000,14.300000,5870289,reg,False,DKNG
1106,2020-01-29T00:00:00Z,14.930000,14.500000,14.969900,14.000000,3479566,reg,False,DKNG
1107,2020-01-30T00:00:00Z,14.770000,14.670000,14.890000,14.360000,1940634,reg,False,DKNG
1108,2020-01-31T00:00:00Z,14.790000,14.530000,15.000000,14.400000,1098551,reg,False,DKNG
1109,2020-02-03T00:00:00Z,14.840000,14.510000,14.870000,14.040000,1459340,reg,False,DKNG
1110,2020-02-04T00:00:00Z,14.640000,14.570000,15.025500,14.450000,1404000,reg,False,DKNG
1111,2020-02-05T00:00:00Z,14.810000,14.250000,14.900000,13.850000,1270135,reg,False,DKNG
1112,2020-02-06T00:00:00Z,14.350000,13.610000,14.480000,13.260000,2912844,reg,False,DKNG
1113,2020-02-07T00:00:00Z,13.640000,14.500000,14.740000,13.500000,1249391,reg,False,DKNG
1114,2020-02-10T00:00:00Z,14.520000,16.020000,16.740000,14.500000,3305684,reg,False,DKNG
1115,2020-02-11T00:00:00Z,16.390000,16.820000,17.360000,16.300000,2388105,reg,False,DKNG
1116,2020-02-12T00:00:00Z,17.070000,18.350000,18.690000,16.900000,3997289,reg,False,DKNG
1117,2020-02-13T00:00:00Z,18.480000,17.910000,18.650000,17.250000,1543042,reg,False,DKNG
1118,2020-02-14T00:00:00Z,17.960000,17.330000,18.300000,16.860000,1285363,reg,False,DKNG
1119,2020-02-18T00:00:00Z,17.550000,17.290000,17.770000,16.650100,1367427,reg,False,DKNG
1120,2020-02-19T00:00:00Z,17.960000,17.970000,18.360000,17.650000,1684366,reg,False,DKNG
1121,2020-02-20T00:00:00Z,18.130000,17.650000,18.140000,16.750000,1379750,reg,False,DKNG
1122,2020-02-21T00:00:00Z,17.570000,16.950000,17.616700,16.850000,579204,reg,False,DKNG
1123,2020-02-24T00:00:00Z,16.440000,16.640000,16.820800,15.800000,1203699,reg,False,DKNG
1124,2020-02-25T00:00:00Z,17.370000,16.960000,17.822400,16.500000,1852658,reg,False,DKNG
1125,2020-02-26T00:00:00Z,17.390000,16.830000,17.650000,16.382400,1415707,reg,False,DKNG
1126,2020-02-27T00:00:00Z,16.310000,16.170000,16.700000,15.940000,1291175,reg,False,DKNG
1127,2020-02-28T00:00:00Z,15.680000,16.020000,16.150000,15.350000,978977,reg,False,DKNG
1128,2020-03-02T00:00:00Z,16.100000,16.660000,17.049900,16.100000,829402,reg,False,DKNG
1129,2020-03-03T00:00:00Z,17.000000,16.410000,17.050000,16.250000,880576,reg,False,DKNG
1130,2020-03-04T00:00:00Z,16.670000,18.690000,19.500000,16.532000,2632714,reg,False,DKNG
1131,2020-03-05T00:00:00Z,17.790000,17.940000,18.830000,17.550000,2419867,reg,False,DKNG
1132,2020-03-06T00:00:00Z,17.400000,16.830000,17.465000,16.700000,2023775,reg,False,DKNG
1133,2020-03-09T00:00:00Z,15.000000,17.010000,17.450000,14.500000,2049496,reg,False,DKNG
1134,2020-03-10T00:00:00Z,17.660000,16.600000,17.989900,16.010000,2385048,reg,False,DKNG
1135,2020-03-11T00:00:00Z,16.250000,14.500000,16.750000,13.501000,3752075,reg,False,DKNG
1136,2020-03-12T00:00:00Z,11.000000,11.170000,12.740000,10.600000,7176385,reg,False,DKNG
1137,2020-03-13T00:00:00Z,12.290000,12.450000,12.450000,11.230100,2371873,reg,False,DKNG
1138,2020-03-16T00:00:00Z,11.000000,11.800000,12.000000,10.900000,2838218,reg,False,DKNG
1139,2020-03-17T00:00:00Z,11.460000,12.890000,13.040000,11.270100,2111183,reg,False,DKNG
1140,2020-03-18T00:00:00Z,12.000000,11.400000,12.739900,11.250000,1711851,reg,False,DKNG
1141,2020-03-19T00:00:00Z,11.400000,11.400000,12.500000,11.400000,1160378,reg,False,DKNG
1142,2020-03-20T00:00:00Z,11.500000,11.480000,12.230000,11.050000,1663832,reg,False,DKNG
1143,2020-03-23T00:00:00Z,11.360000,11.300000,11.960000,10.920000,1174974,reg,False,DKNG
1144,2020-03-24T00:00:00Z,11.950000,11.850000,13.040000,11.600000,1779492,reg,False,DKNG
1145,2020-03-25T00:00:00Z,12.220000,13.000000,13.490000,11.800000,3096309,reg,False,DKNG
1146,2020-03-26T00:00:00Z,12.890000,13.210000,13.890000,12.150000,2588975,reg,False,DKNG
1147,2020-03-27T00:00:00Z,12.800000,12.690000,12.959900,12.010000,2602668,reg,False,DKNG
1148,2020-03-30T00:00:00Z,12.670000,12.210000,12.800000,11.630000,1733863,reg,False,DKNG
1149,2020-03-31T00:00:00Z,12.490000,12.340000,12.700000,11.900000,1895961,reg,False,DKNG
1150,2020-04-01T00:00:00Z,12.240000,11.770000,12.240000,11.550000,799192,reg,False,DKNG
1151,2020-04-02T00:00:00Z,11.750000,12.250000,12.720000,11.451200,1461980,reg,False,DKNG
1152,2020-04-03T00:00:00Z,12.580000,12.250000,12.580000,11.370000,1533526,reg,False,DKNG
1153,2020-04-06T00:00:00Z,12.350000,12.610000,12.790000,12.260000,1525366,reg,False,DKNG
1154,2020-04-07T00:00:00Z,13.250000,13.030000,13.910000,12.680000,4083836,reg,False,DKNG
1155,2020-04-08T00:00:00Z,13.360000,14.750000,15.270000,13.210000,3268354,reg,False,DKNG
1156,2020-04-09T00:00:00Z,15.500000,14.510000,15.500000,14.050100,2377511,reg,False,DKNG
1157,2020-04-13T00:00:00Z,14.080000,14.250000,14.400000,13.600000,1634821,reg,False,DKNG
1158,2020-04-14T00:00:00Z,14.500000,14.750000,15.140000,14.050000,2631021,reg,False,DKNG
1159,2020-04-15T00:00:00Z,14.700000,15.490000,15.680000,14.354000,2363897,reg,False,DKNG
1160,2020-04-16T00:00:00Z,16.150000,16.090000,16.450000,15.550000,2760661,reg,False,DKNG
1161,2020-04-17T00:00:00Z,17.000000,16.950000,17.680000,15.821700,3566372,reg,False,DKNG
1162,2020-04-20T00:00:00Z,17.150000,17.570000,18.190000,16.800000,2778578,reg,False,DKNG
1163,2020-04-21T00:00:00Z,17.740000,17.200000,18.798900,16.600000,2448530,reg,False,DKNG
1164,2020-04-22T00:00:00Z,17.890000,17.150000,18.144300,16.900000,1646530,reg,False,DKNG
1165,2020-04-23T00:00:00Z,17.810000,17.530000,17.850000,16.110000,2797552,reg,False,DKNG
1166,2020-04-24T00:00:00Z,20.493700,19.350000,20.750000,17.600000,11478787,reg,False,DKNG
1167,2020-04-27T00:00:00Z,22.360000,19.520000,22.500000,19.500000,9594187,reg,False,DKNG
1168,2020-04-28T00:00:00Z,19.860000,18.240000,19.900000,18.000000,5725702,reg,False,DKNG
1169,2020-04-29T00:00:00Z,18.350000,19.400000,19.800000,18.350000,3649405,reg,False,DKNG
1170,2020-04-30T00:00:00Z,19.500000,19.460000,19.850000,18.880000,3974807,reg,False,DKNG
1171,2020-05-01T00:00:00Z,19.390000,20.120000,20.350000,19.010000,5242444,reg,False,DKNG
1172,2020-05-04T00:00:00Z,20.360000,20.990000,21.780000,19.950000,6358123,reg,False,DKNG
1173,2020-05-05T00:00:00Z,21.940000,21.610000,22.120000,21.150000,4574083,reg,False,DKNG
1174,2020-05-06T00:00:00Z,21.940000,23.830000,24.480000,21.750000,9024967,reg,False,DKNG
1175,2020-05-07T00:00:00Z,24.300000,23.510000,26.850000,23.040000,13208881,reg,False,DKNG
1176,2020-05-08T00:00:00Z,24.350000,23.450000,24.750000,23.177600,5204174,reg,False,DKNG
1177,2020-05-11T00:00:00Z,23.520000,24.460000,25.160000,23.500000,7682440,reg,False,DKNG
1178,2020-05-12T00:00:00Z,26.150000,26.300000,28.150000,24.800000,17382258,reg,False,DKNG
1179,2020-05-13T00:00:00Z,27.440000,25.855000,27.950000,23.500000,14175828,reg,False,DKNG
1180,2020-05-14T00:00:00Z,26.850000,25.310000,27.250000,25.020000,12180030,reg,False,DKNG
1181,2020-05-15T00:00:00Z,25.890000,29.230000,29.400000,25.350000,24708088,reg,False,DKNG
1182,2020-05-18T00:00:00Z,31.700000,29.550000,31.780000,28.500000,17325181,reg,False,DKNG
1183,2020-05-19T00:00:00Z,29.540000,29.570000,30.410000,28.230000,8693950,reg,False,DKNG
1184,2020-05-20T00:00:00Z,30.190000,29.690000,30.997400,29.550000,5878964,reg,False,DKNG
1185,2020-05-21T00:00:00Z,29.850000,28.530200,29.890000,27.530000,7661183,reg,False,DKNG
1186,2020-05-22T00:00:00Z,28.470000,29.110000,29.480000,27.560000,6474846,reg,False,DKNG
1187,2020-05-26T00:00:00Z,30.500000,33.390000,33.500000,29.660000,11200581,reg,False,DKNG
1188,2020-05-27T00:00:00Z,34.460000,35.150000,35.650000,31.990000,15697074,reg,False,DKNG
1189,2020-05-28T00:00:00Z,35.710000,37.250000,39.600000,34.620000,23220149,reg,False,DKNG
1190,2020-05-29T00:00:00Z,37.000000,39.700000,39.870000,36.650000,14948916,reg,False,DKNG
1191,2020-06-01T00:00:00Z,40.740000,43.700000,43.980000,40.010000,20525205,reg,False,DKNG
1192,2020-06-02T00:00:00Z,44.540000,41.270000,44.790000,39.800000,27807785,reg,False,DKNG
1193,2020-06-03T00:00:00Z,41.510000,40.160000,42.480000,38.550000,20116729,reg,False,DKNG
1194,2020-06-04T00:00:00Z,39.010000,40.530000,42.475000,38.800000,14722156,reg,False,DKNG
1195,2020-06-05T00:00:00Z,41.530000,39.340000,41.590000,39.060000,9699527,reg,False,DKNG
1196,2020-06-08T00:00:00Z,39.930000,38.000000,39.930000,35.550000,15236967,reg,False,DKNG
1197,2020-06-09T00:00:00Z,37.800000,39.410000,40.600000,37.180000,8798468,reg,False,DKNG
1198,2020-06-10T00:00:00Z,40.060000,39.110000,40.800000,38.390000,7109989,reg,False,DKNG
1199,2020-06-11T00:00:00Z,36.260000,36.280000,38.200000,35.250000,9994146,reg,False,DKNG
1200,2020-06-12T00:00:00Z,37.890000,36.880000,38.399900,35.710000,8143035,reg,False,DKNG
1201,2020-06-15T00:00:00Z,35.650000,41.790000,41.790000,35.450000,17166468,reg,False,DKNG
1202,2020-06-16T00:00:00Z,40.960000,40.570000,41.800000,39.100000,11135211,reg,False,DKNG
1203,2020-06-17T00:00:00Z,38.680000,40.720000,42.080000,38.500000,18133005,reg,False,DKNG
1204,2020-06-18T00:00:00Z,39.890000,40.840000,42.800000,39.760000,15449818,reg,False,DKNG
1205,2020-06-19T00:00:00Z,41.600000,42.000000,42.530000,39.890000,46279496,reg,False,DKNG
1206,2020-06-22T00:00:00Z,42.960000,38.255000,43.750000,38.130000,29652090,reg,False,DKNG
1207,2020-06-23T00:00:00Z,39.750000,37.990000,40.532700,37.770200,20096933,reg,False,DKNG
1208,2020-06-24T00:00:00Z,37.950000,37.560000,39.330000,36.500000,12890297,reg,False,DKNG
1209,2020-06-25T00:00:00Z,37.000000,36.070000,37.070000,34.220000,18711377,reg,False,DKNG
1210,2020-06-26T00:00:00Z,36.820000,33.340000,36.820000,32.670000,24395603,reg,False,DKNG
1211,2020-06-29T00:00:00Z,33.160000,33.540000,34.380000,30.820000,20055503,reg,False,DKNG
1212,2020-06-30T00:00:00Z,33.060000,33.260000,34.650000,32.340000,13638005,reg,False,DKNG
1213,2020-07-01T00:00:00Z,34.060000,33.870000,35.150000,33.280000,13891634,reg,False,DKNG
1214,2020-07-02T00:00:00Z,34.610000,33.060000,35.050000,32.850000,9233124,reg,False,DKNG
1215,2020-07-06T00:00:00Z,33.730000,32.420000,33.980000,32.160000,9790302,reg,False,DKNG
1216,2020-07-07T00:00:00Z,31.703500,30.600000,32.300000,30.450000,10303857,reg,False,DKNG
1217,2020-07-08T00:00:00Z,30.750000,33.100000,33.360000,30.560000,11022345,reg,False,DKNG
1218,2020-07-09T00:00:00Z,33.830000,32.805000,34.240000,31.850000,7927285,reg,False,DKNG
1219,2020-07-10T00:00:00Z,32.410000,32.430000,33.100000,31.760000,5215834,reg,False,DKNG
1220,2020-07-13T00:00:00Z,32.550000,29.500000,32.870000,29.330000,11732387,reg,False,DKNG
1221,2020-07-14T00:00:00Z,29.000000,30.215000,30.400000,27.540000,13161018,reg,False,DKNG
1222,2020-07-15T00:00:00Z,31.150000,32.560000,32.960000,30.800000,11668835,reg,False,DKNG
1223,2020-07-16T00:00:00Z,32.500000,35.640000,36.120000,31.770000,18160273,reg,False,DKNG
1224,2020-07-17T00:00:00Z,36.650000,35.360000,36.880000,34.590000,11155093,reg,False,DKNG
1225,2020-07-20T00:00:00Z,35.420000,35.410000,36.750100,34.760000,8417911,reg,False,DKNG
1226,2020-07-21T00:00:00Z,36.300000,37.550000,38.840000,35.950000,15181842,reg,False,DKNG
1227,2020-07-22T00:00:00Z,37.800000,37.750000,38.030000,35.840000,9975056,reg,False,DKNG
1228,2020-07-23T00:00:00Z,37.663400,36.210000,38.350000,35.410600,9840240,reg,False,DKNG
1229,2020-07-24T00:00:00Z,35.305000,37.550000,37.680000,34.180000,10971251,reg,False,DKNG
1230,2020-07-27T00:00:00Z,37.550000,35.115000,38.040000,32.390000,27022239,reg,False,DKNG
1231,2020-07-28T00:00:00Z,35.970000,34.630000,36.100000,34.300000,11493800,reg,False,DKNG
1232,2020-07-29T00:00:00Z,35.000000,35.890000,36.240000,33.570000,11040704,reg,False,DKNG
1233,2020-07-30T00:00:00Z,34.637000,34.790000,35.650000,34.460000,7599908,reg,False,DKNG
1234,2020-07-31T00:00:00Z,35.460000,33.375000,35.770000,32.280000,14551697,reg,False,DKNG
1235,2020-08-03T00:00:00Z,32.840000,32.950000,33.290000,31.650000,8513153,reg,False,DKNG
1236,2020-08-04T00:00:00Z,32.380000,33.060000,33.839900,32.300000,4402860,reg,False,DKNG
1237,2020-08-05T00:00:00Z,33.290000,32.550000,33.700000,32.110000,4621927,reg,False,DKNG
1238,2020-08-06T00:00:00Z,32.370000,33.650000,34.270000,32.370000,6755059,reg,False,DKNG
1239,2020-08-07T00:00:00Z,34.450000,34.090000,35.420000,33.510000,8890546,reg,False,DKNG
1240,2020-08-10T00:00:00Z,34.050000,31.610000,34.100000,30.510000,16120104,reg,False,DKNG
1241,2020-08-11T00:00:00Z,32.100000,32.040000,33.226700,31.500000,9547242,reg,False,DKNG
1242,2020-08-12T00:00:00Z,32.470000,33.740000,34.080000,31.910100,8438029,reg,False,DKNG
1243,2020-08-13T00:00:00Z,34.800000,36.050000,36.170000,34.159000,12792785,reg,False,DKNG
1244,2020-08-14T00:00:00Z,34.003500,33.910000,35.500000,32.420000,24298282,reg,False,DKNG
1245,2020-08-17T00:00:00Z,34.159500,34.680000,35.730000,33.460000,7929873,reg,False,DKNG
1246,2020-08-18T00:00:00Z,35.000000,37.210000,37.610000,34.870000,12503379,reg,False,DKNG
1247,2020-08-19T00:00:00Z,37.010000,36.270000,38.170000,36.220000,8393136,reg,False,DKNG
1248,2020-08-20T00:00:00Z,35.500000,36.320000,37.020000,35.100000,6015985,reg,False,DKNG
1249,2020-08-21T00:00:00Z,36.010000,35.150000,36.595000,34.644500,6438961,reg,False,DKNG
1250,2020-08-24T00:00:00Z,35.710000,35.810000,35.900000,34.280000,7599264,reg,False,DKNG
1251,2020-08-25T00:00:00Z,35.880000,39.060000,40.060000,35.430000,26762644,reg,False,DKNG
1252,2020-08-26T00:00:00Z,39.590000,38.860000,40.720000,38.150000,16781701,reg,False,DKNG
1253,2020-08-27T00:00:00Z,37.190000,39.060000,40.440000,36.510000,16452931,reg,False,DKNG
1254,2020-08-28T00:00:00Z,37.990000,36.320000,38.610000,36.190000,18630516,reg,False,DKNG
1255,2020-08-31T00:00:00Z,36.520000,35.360000,37.340000,34.850000,8565799,reg,False,DKNG
1256,2020-09-01T00:00:00Z,35.400000,36.930000,37.180000,35.220000,7749197,reg,False,DKNG
1257,2020-09-02T00:00:00Z,41.070000,39.900000,41.294000,37.110000,50147537,reg,False,DKNG
1258,2020-09-03T00:00:00Z,39.830000,38.270000,40.890000,37.200000,17915523,reg,False,DKNG
1259,2020-09-04T00:00:00Z,37.940000,37.000000,38.970000,34.470000,12715342,reg,False,DKNG
